agent_number,hat_number
0,555
1,1441
2,1519
3,3611
4,1710
5,4652
6,433
7,1016
8,3052
9,2189
10,3649
11,4704
12,4245
13,2943
14,1947
15,425
16,53
17,2472
18,2185
19,1970
20,4336
21,869
22,1051
23,714
24,1474
25,3841
26,4477
27,4496
28,3081
29,178
30,2827
31,1187
32,1370
33,6
34,147
35,3039
36,1714
37,2338
38,4142
39,28
40,1594
41,290
42,2105
43,4454
44,3004
45,1181
46,3255
47,4261
48,4374
49,759
50,2097
51,4268
52,4263
53,3277
54,2813
55,1983
56,116
57,1707
58,3927
59,2653
60,14
61,907
62,4052
63,1811
64,3562
65,4092
66,4205
67,1390
68,4232
69,3558
70,1845
71,4835
72,2161
73,233
74,2797
75,614
76,4329
77,1426
78,4649
79,4610
80,4904
81,477
82,754
83,1830
84,2988
85,3835
86,1964
87,4233
88,1567
89,4118
90,3529
91,2387
92,1744
93,0
94,3971
95,1884
96,4883
97,554
98,857
99,1198
100,2842
101,93
102,3693
103,299
104,4931
105,3367
106,3856
107,2716
108,3442
109,1789
110,4430
111,2538
112,3636
113,3536
114,1714
115,2705
116,3552
117,2251
118,1252
119,4736
120,1875
121,1787
122,210
123,3873
124,821
125,329
126,3146
127,3398
128,4045
129,963
130,2623
131,4892
132,2699
133,607
134,3877
135,4562
136,2425
137,192
138,2155
139,4418
140,4759
141,4838
142,2624
143,4240
144,4399
145,692
146,1533
147,4941
148,4228
149,1385
150,921
151,1031
152,3438
153,4158
154,326
155,4470
156,836
157,3212
158,3588
159,3108
160,917
161,3116
162,2449
163,1935
164,1638
165,2251
166,3912
167,4919
168,2263
169,3375
170,1291
171,2420
172,155
173,2790
174,3376
175,3900
176,2966
177,4699
178,4501
179,1036
180,1896
181,3644
182,401
183,1404
184,123
185,86
186,2589
187,89
188,1532
189,1361
190,2874
191,236
192,3329
193,3319
194,2906
195,4505
196,1817
197,4328
198,3957
199,647
200,994
201,54
202,333
203,1343
204,2449
205,289
206,4195
207,1688
208,3520
209,4194
210,3419
211,4319
212,4535
213,3150
214,3458
215,1080
216,850
217,909
218,284
219,4912
220,3739
221,2209
222,558
223,2257
224,724
225,1458
226,192
227,4870
228,3193
229,1805
230,3274
231,4093
232,2449
233,3379
234,2445
235,2683
236,3026
237,4465
238,217
239,1255
240,4622
241,38
242,3641
243,1322
244,4268
245,788
246,795
247,2822
248,1365
249,2390
250,1986
251,758
252,2494
253,452
254,1980
255,1402
256,3423
257,3683
258,3593
259,4809
260,4351
261,1801
262,2004
263,1657
264,2997
265,2584
266,4322
267,4890
268,3909
269,1599
270,4436
271,1342
272,1741
273,285
274,754
275,359
276,1376
277,2196
278,3641
279,2640
280,2757
281,2609
282,3722
283,3915
284,4998
285,1657
286,3573
287,4665
288,4380
289,4892
290,3044
291,3332
292,1499
293,298
294,498
295,3855
296,319
297,937
298,3441
299,4207
300,2391
301,814
302,3408
303,4900
304,1221
305,3393
306,609
307,1104
308,4462
309,2339
310,2404
311,678
312,2746
313,2509
314,3650
315,3898
316,1566
317,4877
318,2533
319,4869
320,1393
321,4780
322,3061
323,2813
324,1483
325,2353
326,3145
327,3111
328,1931
329,2263
330,1339
331,2701
332,2438
333,209
334,1162
335,2241
336,2762
337,2429
338,4664
339,2819
340,3225
341,4674
342,1122
343,4204
344,4337
345,4805
346,4561
347,703
348,2884
349,2919
350,4015
351,1615
352,728
353,77
354,2663
355,4777
356,2691
357,2844
358,2820
359,2587
360,3361
361,1310
362,4932
363,11
364,1223
365,3063
366,1396
367,1278
368,3668
369,2174
370,1720
371,3060
372,1430
373,57
374,3802
375,761
376,1172
377,440
378,4707
379,825
380,3899
381,4917
382,1126
383,364
384,2820
385,1163
386,254
387,1374
388,2755
389,1883
390,233
391,3382
392,3903
393,1299
394,1504
395,1204
396,2575
397,2026
398,1398
399,3753
400,4158
401,4331
402,340
403,1264
404,2345
405,2334
406,4783
407,3161
408,898
409,4349
410,4137
411,4546
412,726
413,70
414,4184
415,2532
416,4446
417,685
418,3317
419,1172
420,4121
421,658
422,3081
423,3850
424,3899
425,208
426,3983
427,2918
428,3712
429,3366
430,359
431,1890
432,608
433,4401
434,572
435,789
436,3004
437,2761
438,4542
439,4698
440,678
441,1047
442,3983
443,4316
444,2598
445,4520
446,3682
447,802
448,3063
449,3942
450,4305
451,3888
452,177
453,939
454,2890
455,4389
456,4555
457,330
458,4936
459,802
460,2134
461,2893
462,4291
463,1585
464,2228
465,3365
466,2767
467,320
468,1066
469,2007
470,830
471,271
472,1499
473,2916
474,1092
475,3223
476,3109
477,3443
478,310
479,1554
480,1897
481,1838
482,4842
483,625
484,809
485,3047
486,648
487,1602
488,1264
489,1021
490,634
491,558
492,1933
493,2548
494,3593
495,490
496,2141
497,3320
498,1155
499,1129
500,843
501,3177
502,4322
503,604
504,4086
505,1272
506,3994
507,4067
508,4413
509,950
510,3601
511,1770
512,2622
513,1916
514,2522
515,4135
516,4826
517,2114
518,3499
519,4296
520,4480
521,4158
522,1919
523,3068
524,3419
525,939
526,2715
527,13
528,2777
529,2736
530,4135
531,4461
532,4412
533,4483
534,2784
535,3946
536,4399
537,2829
538,4216
539,3659
540,1322
541,1058
542,1536
543,459
544,1639
545,3437
546,905
547,3811
548,4789
549,1302
550,3380
551,1359
552,4643
553,837
554,1026
555,4585
556,3716
557,4766
558,2455
559,3957
560,651
561,2645
562,2713
563,1023
564,2476
565,3471
566,2759
567,1829
568,4565
569,233
570,1485
571,4855
572,1240
573,448
574,230
575,232
576,2442
577,1802
578,209
579,339
580,2592
581,1554
582,57
583,3159
584,312
585,1406
586,4947
587,3241
588,198
589,999
590,4840
591,980
592,2261
593,1052
594,1441
595,1274
596,1987
597,1226
598,834
599,3571
600,2957
601,4151
602,1379
603,3431
604,3851
605,2447
606,2785
607,2315
608,1033
609,4706
610,2324
611,2010
612,2968
613,845
614,3983
615,2462
616,2934
617,4685
618,424
619,537
620,3250
621,4859
622,3249
623,787
624,2447
625,2668
626,605
627,1164
628,3583
629,3330
630,3738
631,4309
632,0
633,4245
634,3296
635,4491
636,4364
637,4846
638,4702
639,1831
640,2872
641,912
642,1371
643,1646
644,1895
645,1102
646,2471
647,35
648,1039
649,3034
650,4558
651,672
652,2439
653,4966
654,3709
655,1006
656,1038
657,3471
658,4568
659,2712
660,263
661,3969
662,2249
663,294
664,1991
665,2264
666,934
667,2953
668,4601
669,2170
670,2834
671,2400
672,261
673,3591
674,1429
675,484
676,4065
677,3843
678,766
679,3004
680,1000
681,560
682,3116
683,1890
684,1017
685,1873
686,2276
687,4290
688,1811
689,201
690,1194
691,2867
692,4934
693,4920
694,1534
695,551
696,99
697,1300
698,3207
699,1747
700,2457
701,1393
702,1289
703,3194
704,2903
705,2424
706,4480
707,3472
708,3558
709,2318
710,3050
711,1833
712,4098
713,1377
714,2102
715,899
716,1446
717,615
718,1385
719,2617
720,4188
721,2322
722,2187
723,3907
724,1932
725,853
726,4746
727,71
728,1210
729,3800
730,3447
731,284
732,3675
733,2839
734,4828
735,2893
736,3748
737,3101
738,526
739,419
740,2687
741,1309
742,3573
743,639
744,1743
745,4165
746,6
747,2475
748,1276
749,2598
750,4495
751,3293
752,495
753,997
754,1592
755,1385
756,116
757,905
758,3464
759,1863
760,315
761,948
762,4330
763,3085
764,2117
765,2865
766,3017
767,1923
768,3835
769,1336
770,2812
771,2905
772,3973
773,234
774,2333
775,307
776,1959
777,1676
778,436
779,626
780,2720
781,828
782,4241
783,3782
784,2331
785,1978
786,1948
787,3188
788,1881
789,1719
790,1041
791,4409
792,1701
793,2422
794,2491
795,1728
796,2235
797,1704
798,57
799,3616
800,657
801,4649
802,2012
803,3170
804,258
805,2662
806,4023
807,2198
808,3730
809,506
810,3418
811,4180
812,4635
813,1338
814,4920
815,2954
816,2186
817,4361
818,469
819,1120
820,89
821,463
822,676
823,4141
824,3143
825,2789
826,487
827,29
828,3170
829,3126
830,2152
831,3002
832,2577
833,944
834,3501
835,4737
836,4689
837,2463
838,3323
839,3195
840,3363
841,4911
842,2576
843,4223
844,4355
845,1864
846,2192
847,1871
848,4249
849,2891
850,4486
851,3157
852,1771
853,4468
854,4175
855,2817
856,2164
857,3576
858,1079
859,339
860,3820
861,3941
862,1359
863,4737
864,3125
865,2355
866,4813
867,1820
868,2474
869,3896
870,1470
871,2696
872,3935
873,1040
874,4969
875,7
876,3139
877,1875
878,3020
879,2136
880,4464
881,52
882,3652
883,1983
884,2529
885,3769
886,3384
887,4330
888,392
889,1044
890,4008
891,1837
892,2118
893,1257
894,532
895,47
896,2402
897,1837
898,1524
899,1386
900,137
901,2537
902,2245
903,1269
904,1807
905,727
906,1704
907,33
908,2750
909,927
910,4116
911,759
912,700
913,3019
914,4440
915,2763
916,2806
917,4449
918,2859
919,4348
920,769
921,365
922,406
923,2717
924,4118
925,671
926,2160
927,4708
928,3788
929,3343
930,838
931,4957
932,3459
933,808
934,2110
935,1125
936,2853
937,2597
938,4492
939,3026
940,2494
941,1879
942,2084
943,3133
944,2304
945,2447
946,968
947,3037
948,4913
949,1591
950,2825
951,3445
952,2804
953,2968
954,4815
955,4154
956,438
957,2108
958,813
959,4342
960,1476
961,2527
962,2896
963,577
964,1458
965,747
966,4502
967,4141
968,1912
969,3923
970,3679
971,2467
972,2034
973,2927
974,4066
975,146
976,1707
977,5
978,1480
979,4052
980,2023
981,1779
982,2718
983,2800
984,1542
985,2907
986,1528
987,1464
988,4345
989,2105
990,2451
991,2402
992,367
993,2091
994,4329
995,1503
996,3966
997,759
998,3679
999,1169
1000,4649
1001,4223
1002,1814
1003,4066
1004,3717
1005,1829
1006,256
1007,3408
1008,323
1009,2133
1010,3632
1011,2129
1012,4711
1013,3565
1014,2534
1015,224
1016,1452
1017,3236
1018,231
1019,4878
1020,23
1021,1943
1022,878
1023,3477
1024,4263
1025,78
1026,712
1027,4911
1028,3362
1029,277
1030,3860
1031,880
1032,786
1033,1115
1034,769
1035,3486
1036,1553
1037,2896
1038,4697
1039,4323
1040,318
1041,551
1042,2708
1043,4307
1044,33
1045,3408
1046,266
1047,659
1048,24
1049,186
1050,4600
1051,4348
1052,2177
1053,4339
1054,3545
1055,3479
1056,299
1057,3287
1058,4623
1059,355
1060,914
1061,1865
1062,4842
1063,1417
1064,769
1065,1028
1066,3888
1067,4493
1068,3029
1069,530
1070,2992
1071,1015
1072,4574
1073,33
1074,70
1075,1295
1076,3472
1077,4287
1078,2222
1079,3750
1080,3570
1081,3213
1082,4700
1083,1440
1084,4248
1085,4181
1086,4483
1087,2980
1088,3789
1089,710
1090,3426
1091,684
1092,1780
1093,522
1094,3383
1095,723
1096,1891
1097,3225
1098,2482
1099,184
1100,405
1101,5
1102,2761
1103,791
1104,3584
1105,4561
1106,3381
1107,712
1108,2567
1109,3464
1110,4698
1111,475
1112,3636
1113,2135
1114,304
1115,4673
1116,3010
1117,699
1118,2446
1119,2091
1120,4227
1121,3195
1122,1483
1123,3516
1124,1451
1125,650
1126,1923
1127,4830
1128,876
1129,4323
1130,2110
1131,3750
1132,4957
1133,4661
1134,451
1135,2452
1136,1995
1137,665
1138,1681
1139,1433
1140,4296
1141,4756
1142,1041
1143,2122
1144,3409
1145,739
1146,2775
1147,4073
1148,2535
1149,3936
1150,1379
1151,112
1152,1910
1153,2032
1154,3750
1155,398
1156,2901
1157,463
1158,1238
1159,1328
1160,2057
1161,1614
1162,141
1163,1569
1164,1591
1165,2206
1166,3943
1167,1886
1168,4355
1169,1302
1170,4166
1171,3628
1172,691
1173,3341
1174,4459
1175,761
1176,4844
1177,2299
1178,1950
1179,4796
1180,4981
1181,4554
1182,4230
1183,357
1184,1493
1185,3674
1186,997
1187,2005
1188,2190
1189,2786
1190,3543
1191,3198
1192,4213
1193,2038
1194,4238
1195,424
1196,856
1197,4763
1198,2419
1199,4108
1200,334
1201,3871
1202,3407
1203,139
1204,1395
1205,1276
1206,1751
1207,497
1208,30
1209,2466
1210,4814
1211,1117
1212,4684
1213,3771
1214,3027
1215,3896
1216,633
1217,3398
1218,3010
1219,1790
1220,4609
1221,2365
1222,2578
1223,157
1224,435
1225,1609
1226,3583
1227,2638
1228,1190
1229,2999
1230,4632
1231,3196
1232,3075
1233,2187
1234,2468
1235,4245
1236,4306
1237,3604
1238,4059
1239,4044
1240,732
1241,3777
1242,77
1243,2729
1244,4098
1245,265
1246,2266
1247,1417
1248,4252
1249,551
1250,2270
1251,909
1252,2279
1253,2300
1254,3248
1255,4531
1256,3176
1257,3140
1258,3704
1259,1486
1260,680
1261,1250
1262,1873
1263,3047
1264,1390
1265,960
1266,473
1267,4789
1268,54
1269,1702
1270,4764
1271,502
1272,883
1273,3640
1274,2223
1275,1801
1276,1094
1277,3545
1278,96
1279,1595
1280,1546
1281,3749
1282,3264
1283,2802
1284,3061
1285,4396
1286,2492
1287,3729
1288,4925
1289,3790
1290,232
1291,3154
1292,1530
1293,256
1294,2204
1295,4642
1296,4282
1297,1081
1298,1832
1299,3099
1300,3895
1301,1447
1302,1473
1303,4885
1304,2439
1305,4913
1306,864
1307,1868
1308,1452
1309,1024
1310,4477
1311,1779
1312,3184
1313,2619
1314,750
1315,565
1316,1828
1317,1025
1318,2058
1319,3461
1320,649
1321,2986
1322,2255
1323,1517
1324,358
1325,1781
1326,3645
1327,2056
1328,4008
1329,1982
1330,164
1331,144
1332,3801
1333,4243
1334,3393
1335,3955
1336,1710
1337,4434
1338,4445
1339,4244
1340,1638
1341,1493
1342,4939
1343,2459
1344,498
1345,4344
1346,548
1347,3145
1348,2881
1349,1117
1350,4001
1351,824
1352,3374
1353,1043
1354,2358
1355,4329
1356,850
1357,3929
1358,2830
1359,2334
1360,220
1361,4541
1362,2516
1363,939
1364,3998
1365,2570
1366,1259
1367,2251
1368,2924
1369,4730
1370,1841
1371,3624
1372,4640
1373,4013
1374,3461
1375,2319
1376,1802
1377,3264
1378,353
1379,3292
1380,1646
1381,2021
1382,4398
1383,1303
1384,195
1385,4465
1386,2514
1387,2696
1388,4352
1389,4352
1390,3784
1391,2756
1392,3079
1393,1812
1394,2402
1395,4451
1396,2380
1397,3085
1398,1983
1399,4161
1400,4328
1401,2518
1402,3387
1403,4595
1404,2992
1405,3524
1406,4737
1407,4581
1408,1518
1409,667
1410,4042
1411,576
1412,2851
1413,416
1414,2921
1415,3766
1416,4602
1417,2076
1418,2572
1419,2226
1420,4844
1421,3786
1422,3033
1423,4853
1424,4299
1425,56
1426,4460
1427,4801
1428,4037
1429,3473
1430,4674
1431,4436
1432,1069
1433,3459
1434,155
1435,3997
1436,1295
1437,1964
1438,4342
1439,872
1440,4816
1441,1492
1442,1171
1443,3978
1444,844
1445,537
1446,2555
1447,2222
1448,1192
1449,3672
1450,4000
1451,1308
1452,724
1453,1315
1454,3628
1455,357
1456,1064
1457,641
1458,2485
1459,3939
1460,4340
1461,1214
1462,786
1463,2250
1464,415
1465,4407
1466,3483
1467,4004
1468,4811
1469,3212
1470,4475
1471,4730
1472,1267
1473,4182
1474,2911
1475,3010
1476,3815
1477,3420
1478,1687
1479,1148
1480,4472
1481,3583
1482,1799
1483,4568
1484,3650
1485,3324
1486,2629
1487,3744
1488,4359
1489,3737
1490,1758
1491,1738
1492,4581
1493,1106
1494,1669
1495,4986
1496,3175
1497,984
1498,906
1499,3012
1500,1055
1501,3069
1502,2600
1503,3383
1504,1807
1505,3622
1506,3185
1507,955
1508,3867
1509,170
1510,2238
1511,1265
1512,907
1513,4760
1514,708
1515,1331
1516,762
1517,651
1518,2373
1519,3809
1520,3589
1521,3760
1522,1522
1523,2727
1524,3817
1525,309
1526,345
1527,3121
1528,4488
1529,3297
1530,2393
1531,2644
1532,420
1533,2956
1534,4221
1535,412
1536,4619
1537,2557
1538,1633
1539,4165
1540,1249
1541,1068
1542,4862
1543,2858
1544,112
1545,3552
1546,845
1547,1216
1548,1482
1549,3013
1550,3000
1551,4720
1552,58
1553,2005
1554,1672
1555,4773
1556,2021
1557,398
1558,662
1559,2928
1560,3953
1561,797
1562,1159
1563,976
1564,456
1565,3073
1566,2312
1567,3581
1568,4591
1569,1837
1570,2848
1571,716
1572,1313
1573,3266
1574,2703
1575,4219
1576,3337
1577,1093
1578,1086
1579,1434
1580,3794
1581,4738
1582,3930
1583,462
1584,788
1585,4610
1586,4205
1587,4772
1588,4989
1589,3148
1590,1978
1591,993
1592,3494
1593,4123
1594,952
1595,189
1596,3091
1597,670
1598,2495
1599,4996
1600,833
1601,3451
1602,4565
1603,1426
1604,4077
1605,2736
1606,3581
1607,1282
1608,297
1609,3327
1610,4023
1611,14
1612,3368
1613,1241
1614,2762
1615,1178
1616,4547
1617,3045
1618,2674
1619,38
1620,2305
1621,1357
1622,2341
1623,1366
1624,4224
1625,597
1626,674
1627,2974
1628,2136
1629,1132
1630,4448
1631,2790
1632,4894
1633,553
1634,108
1635,514
1636,1108
1637,1444
1638,3342
1639,3095
1640,3333
1641,3286
1642,2554
1643,3033
1644,2428
1645,1228
1646,104
1647,1963
1648,1353
1649,582
1650,3428
1651,1774
1652,728
1653,3318
1654,4019
1655,3573
1656,1822
1657,1105
1658,3286
1659,2629
1660,1722
1661,3309
1662,2460
1663,2763
1664,165
1665,402
1666,829
1667,1719
1668,3514
1669,4986
1670,231
1671,664
1672,4575
1673,591
1674,1975
1675,1013
1676,2493
1677,3574
1678,2855
1679,1783
1680,3024
1681,4537
1682,2263
1683,2995
1684,2439
1685,1241
1686,1525
1687,245
1688,2153
1689,1089
1690,2026
1691,646
1692,1324
1693,4443
1694,173
1695,2266
1696,4888
1697,4120
1698,1636
1699,4986
1700,3020
1701,3225
1702,1305
1703,88
1704,3835
1705,1198
1706,1010
1707,446
1708,1026
1709,3021
1710,3693
1711,4038
1712,4222
1713,1274
1714,96
1715,3479
1716,3590
1717,4438
1718,4507
1719,1377
1720,3368
1721,4541
1722,4005
1723,895
1724,130
1725,1213
1726,795
1727,4975
1728,3371
1729,2179
1730,2484
1731,3810
1732,4050
1733,2894
1734,1431
1735,4266
1736,2034
1737,621
1738,1566
1739,4130
1740,3283
1741,1630
1742,4674
1743,993
1744,268
1745,513
1746,1397
1747,1652
1748,2073
1749,1133
1750,3353
1751,2085
1752,614
1753,1361
1754,4388
1755,105
1756,809
1757,4245
1758,2963
1759,3499
1760,269
1761,1128
1762,2995
1763,3519
1764,3948
1765,496
1766,3321
1767,3793
1768,2329
1769,4782
1770,1943
1771,1863
1772,4874
1773,3355
1774,1643
1775,699
1776,4161
1777,2019
1778,1945
1779,3829
1780,1222
1781,4193
1782,468
1783,2054
1784,4977
1785,442
1786,1730
1787,3998
1788,3443
1789,54
1790,4661
1791,1745
1792,2144
1793,2197
1794,3816
1795,3119
1796,2875
1797,756
1798,2380
1799,3934
1800,3036
1801,1064
1802,3078
1803,959
1804,276
1805,1654
1806,2330
1807,3974
1808,1896
1809,2571
1810,977
1811,2073
1812,1769
1813,3522
1814,338
1815,3336
1816,3605
1817,1283
1818,1861
1819,2483
1820,2736
1821,4699
1822,2698
1823,4725
1824,707
1825,4329
1826,4191
1827,2032
1828,3521
1829,1305
1830,1680
1831,380
1832,4206
1833,1992
1834,822
1835,2376
1836,204
1837,1051
1838,1647
1839,1267
1840,4408
1841,1321
1842,2464
1843,1023
1844,2395
1845,3476
1846,379
1847,4091
1848,2887
1849,4899
1850,2443
1851,433
1852,1779
1853,2372
1854,1157
1855,3425
1856,2596
1857,710
1858,4216
1859,3413
1860,3101
1861,2127
1862,3496
1863,3151
1864,4513
1865,662
1866,1480
1867,340
1868,4352
1869,62
1870,1460
1871,3358
1872,3914
1873,3976
1874,3849
1875,2069
1876,560
1877,2046
1878,2742
1879,4185
1880,1863
1881,1643
1882,191
1883,661
1884,1562
1885,4807
1886,319
1887,4072
1888,1956
1889,1123
1890,3387
1891,2190
1892,939
1893,3167
1894,1441
1895,1302
1896,2538
1897,3224
1898,4410
1899,4964
1900,3711
1901,1004
1902,1650
1903,1963
1904,2377
1905,2072
1906,1130
1907,481
1908,3434
1909,4392
1910,3191
1911,3842
1912,14
1913,756
1914,1675
1915,1308
1916,4639
1917,3383
1918,443
1919,4360
1920,974
1921,690
1922,4973
1923,508
1924,2352
1925,4756
1926,1146
1927,3607
1928,292
1929,1237
1930,153
1931,2527
1932,4029
1933,4333
1934,3338
1935,3991
1936,1576
1937,944
1938,1261
1939,4934
1940,1519
1941,2008
1942,28
1943,3636
1944,4658
1945,2968
1946,22
1947,3118
1948,1492
1949,2549
1950,3489
1951,933
1952,1416
1953,4999
1954,2184
1955,4428
1956,4065
1957,782
1958,3987
1959,4328
1960,1609
1961,3805
1962,3810
1963,3151
1964,4579
1965,1777
1966,607
1967,2597
1968,4358
1969,596
1970,483
1971,3149
1972,115
1973,3798
1974,3880
1975,1854
1976,4859
1977,3519
1978,2802
1979,1771
1980,76
1981,354
1982,503
1983,1270
1984,354
1985,2237
1986,2606
1987,4378
1988,4688
1989,861
1990,1965
1991,3904
1992,932
1993,4116
1994,550
1995,4207
1996,1221
1997,966
1998,1859
1999,4371
2000,4656
2001,2355
2002,1307
2003,4030
2004,4464
2005,554
2006,3794
2007,1222
2008,1565
2009,4571
2010,3600
2011,594
2012,993
2013,1477
2014,3371
2015,2887
2016,4840
2017,3249
2018,3003
2019,3510
2020,458
2021,4799
2022,3299
2023,1966
2024,748
2025,2128
2026,3990
2027,2032
2028,3211
2029,2086
2030,2978
2031,1754
2032,2965
2033,3450
2034,4157
2035,883
2036,257
2037,1986
2038,211
2039,1808
2040,1153
2041,2006
2042,3753
2043,55
2044,3891
2045,2956
2046,593
2047,1015
2048,2832
2049,2791
2050,632
2051,961
2052,3490
2053,1567
2054,3585
2055,109
2056,3443
2057,2903
2058,2720
2059,437
2060,158
2061,2220
2062,4288
2063,2420
2064,2735
2065,3257
2066,4432
2067,2782
2068,2468
2069,1127
2070,4137
2071,1357
2072,3200
2073,595
2074,3054
2075,4589
2076,1668
2077,1706
2078,2777
2079,536
2080,630
2081,4493
2082,680
2083,2908
2084,3240
2085,3610
2086,2265
2087,1297
2088,2976
2089,2415
2090,454
2091,1901
2092,4363
2093,3873
2094,2625
2095,1120
2096,4481
2097,876
2098,2977
2099,969
2100,2695
2101,4784
2102,4694
2103,4901
2104,332
2105,373
2106,341
2107,104
2108,1262
2109,3991
2110,1760
2111,1468
2112,3937
2113,572
2114,1155
2115,973
2116,2320
2117,831
2118,341
2119,61
2120,585
2121,281
2122,2461
2123,368
2124,2523
2125,148
2126,4767
2127,1602
2128,3770
2129,3767
2130,4346
2131,4257
2132,3361
2133,3717
2134,2272
2135,3205
2136,3348
2137,1146
2138,2999
2139,2543
2140,1323
2141,2087
2142,4520
2143,1970
2144,3468
2145,2083
2146,1263
2147,1501
2148,2012
2149,3434
2150,4508
2151,2100
2152,4196
2153,2611
2154,6
2155,2865
2156,4675
2157,1845
2158,2367
2159,1910
2160,4244
2161,2223
2162,3952
2163,1792
2164,3041
2165,150
2166,2118
2167,3616
2168,4942
2169,2483
2170,3367
2171,2567
2172,3200
2173,422
2174,3697
2175,343
2176,3408
2177,2505
2178,3926
2179,856
2180,2390
2181,3003
2182,3593
2183,677
2184,237
2185,2300
2186,4626
2187,3026
2188,437
2189,3041
2190,3253
2191,4027
2192,2291
2193,3845
2194,438
2195,3043
2196,3575
2197,31
2198,4813
2199,716
2200,1705
2201,4634
2202,3801
2203,3953
2204,1785
2205,4487
2206,1971
2207,3000
2208,1128
2209,4049
2210,1862
2211,3230
2212,1331
2213,3077
2214,3193
2215,1127
2216,4657
2217,3254
2218,1631
2219,2398
2220,3873
2221,1089
2222,1595
2223,2442
2224,904
2225,2485
2226,1218
2227,63
2228,2870
2229,945
2230,4408
2231,222
2232,736
2233,2143
2234,3523
2235,52
2236,2874
2237,86
2238,4186
2239,996
2240,1202
2241,960
2242,296
2243,1467
2244,3924
2245,1132
2246,3932
2247,2158
2248,3466
2249,1164
2250,1283
2251,3825
2252,1724
2253,4578
2254,1034
2255,3384
2256,2265
2257,1352
2258,4362
2259,3266
2260,1382
2261,1262
2262,1442
2263,4946
2264,277
2265,4907
2266,2024
2267,539
2268,4261
2269,1423
2270,250
2271,4016
2272,3261
2273,1269
2274,4902
2275,3519
2276,738
2277,1368
2278,1708
2279,3228
2280,4161
2281,1894
2282,4993
2283,4871
2284,4566
2285,2859
2286,361
2287,1346
2288,3848
2289,1485
2290,3285
2291,662
2292,4299
2293,3487
2294,1
2295,73
2296,1702
2297,48
2298,3517
2299,1565
2300,1751
2301,4256
2302,941
2303,3683
2304,458
2305,2686
2306,4527
2307,1498
2308,4434
2309,3057
2310,1335
2311,2484
2312,1552
2313,4919
2314,2209
2315,1942
2316,3221
2317,692
2318,59
2319,3372
2320,1483
2321,3570
2322,1010
2323,3497
2324,3629
2325,1524
2326,3111
2327,2882
2328,3129
2329,4737
2330,4063
2331,3214
2332,252
2333,4183
2334,3500
2335,392
2336,3906
2337,3444
2338,3309
2339,4805
2340,4617
2341,3504
2342,409
2343,1646
2344,2627
2345,3325
2346,3787
2347,4451
2348,1088
2349,1036
2350,1490
2351,1348
2352,298
2353,4742
2354,2503
2355,2470
2356,781
2357,4625
2358,2679
2359,1418
2360,3394
2361,329
2362,680
2363,2073
2364,1481
2365,2224
2366,4475
2367,4157
2368,4904
2369,3555
2370,2129
2371,3534
2372,605
2373,571
2374,885
2375,133
2376,2332
2377,1495
2378,4543
2379,4775
2380,1256
2381,4764
2382,1270
2383,3506
2384,4569
2385,3307
2386,2547
2387,4152
2388,495
2389,156
2390,664
2391,4818
2392,105
2393,1151
2394,2460
2395,3049
2396,1969
2397,2589
2398,4225
2399,4379
2400,2501
2401,2271
2402,3697
2403,3946
2404,2190
2405,2387
2406,1971
2407,235
2408,1339
2409,3583
2410,4792
2411,3130
2412,840
2413,4719
2414,1515
2415,2293
2416,4291
2417,3824
2418,2775
2419,3251
2420,3196
2421,4948
2422,3904
2423,356
2424,1576
2425,901
2426,4801
2427,2005
2428,3316
2429,212
2430,4198
2431,274
2432,2689
2433,792
2434,578
2435,869
2436,2367
2437,1642
2438,3168
2439,2695
2440,3811
2441,3767
2442,511
2443,3582
2444,3015
2445,778
2446,2866
2447,2887
2448,3237
2449,277
2450,3526
2451,3783
2452,1402
2453,3655
2454,1285
2455,4873
2456,4727
2457,4827
2458,3879
2459,2246
2460,4649
2461,2446
2462,2369
2463,1441
2464,3636
2465,4925
2466,2904
2467,770
2468,1637
2469,2077
2470,2201
2471,1635
2472,2062
2473,2660
2474,2363
2475,3908
2476,1781
2477,145
2478,2277
2479,3472
2480,288
2481,242
2482,2999
2483,2179
2484,4637
2485,4534
2486,1969
2487,3010
2488,3175
2489,239
2490,3073
2491,684
2492,2039
2493,4630
2494,4007
2495,2359
2496,1950
2497,175
2498,3882
2499,2848
2500,434
2501,531
2502,2156
2503,2500
2504,2480
2505,2058
2506,1828
2507,2689
2508,3660
2509,2078
2510,3245
2511,3210
2512,63
2513,1136
2514,2642
2515,4863
2516,759
2517,4413
2518,1816
2519,3932
2520,1672
2521,3216
2522,3865
2523,575
2524,4518
2525,4814
2526,4278
2527,1941
2528,2403
2529,2194
2530,3958
2531,3058
2532,3466
2533,4237
2534,1511
2535,842
2536,1765
2537,1806
2538,2732
2539,3892
2540,1697
2541,4525
2542,1881
2543,4181
2544,960
2545,1195
2546,4942
2547,5
2548,2284
2549,2735
2550,3720
2551,2082
2552,4087
2553,1152
2554,4938
2555,39
2556,2598
2557,3206
2558,2210
2559,1878
2560,3621
2561,3683
2562,2862
2563,735
2564,4547
2565,4155
2566,1816
2567,4260
2568,3880
2569,2618
2570,3216
2571,1638
2572,1725
2573,1362
2574,688
2575,2450
2576,3227
2577,2736
2578,1648
2579,522
2580,265
2581,577
2582,1716
2583,655
2584,3208
2585,2969
2586,4140
2587,2248
2588,3574
2589,4201
2590,3398
2591,2547
2592,2856
2593,3130
2594,4575
2595,4845
2596,2315
2597,3033
2598,2322
2599,2840
2600,3609
2601,253
2602,3616
2603,713
2604,5
2605,3379
2606,67
2607,3172
2608,3124
2609,2053
2610,1147
2611,3182
2612,358
2613,3329
2614,1050
2615,3838
2616,351
2617,3916
2618,1376
2619,3417
2620,1590
2621,3590
2622,4626
2623,3216
2624,3654
2625,420
2626,1493
2627,592
2628,66
2629,3650
2630,1285
2631,954
2632,1669
2633,3335
2634,4975
2635,2040
2636,2031
2637,1116
2638,2757
2639,1430
2640,3775
2641,334
2642,2577
2643,4193
2644,3739
2645,1670
2646,3068
2647,1421
2648,3529
2649,1807
2650,3991
2651,1154
2652,1809
2653,156
2654,2834
2655,2351
2656,3859
2657,4082
2658,4968
2659,507
2660,1189
2661,642
2662,3622
2663,2407
2664,2577
2665,2407
2666,4087
2667,3847
2668,44
2669,2184
2670,1741
2671,926
2672,907
2673,4825
2674,3829
2675,2342
2676,3721
2677,2589
2678,598
2679,2610
2680,146
2681,3582
2682,1099
2683,2650
2684,886
2685,3699
2686,1380
2687,510
2688,1226
2689,263
2690,3964
2691,1085
2692,995
2693,2573
2694,394
2695,3062
2696,900
2697,4504
2698,1750
2699,2325
2700,4969
2701,741
2702,4661
2703,3388
2704,4676
2705,1153
2706,3424
2707,1050
2708,3510
2709,840
2710,236
2711,2798
2712,2399
2713,4791
2714,1638
2715,2343
2716,3648
2717,4454
2718,4189
2719,4617
2720,4757
2721,2396
2722,2226
2723,4980
2724,4194
2725,4020
2726,4310
2727,1151
2728,4256
2729,4159
2730,3488
2731,1294
2732,1176
2733,883
2734,601
2735,2246
2736,1674
2737,3120
2738,1786
2739,3567
2740,191
2741,2880
2742,1461
2743,1392
2744,3724
2745,4089
2746,1487
2747,1408
2748,2546
2749,2351
2750,1155
2751,361
2752,3395
2753,1361
2754,3834
2755,1345
2756,3517
2757,1060
2758,4921
2759,445
2760,3666
2761,3811
2762,3002
2763,2116
2764,3522
2765,542
2766,4333
2767,1493
2768,4733
2769,915
2770,135
2771,2406
2772,3231
2773,2967
2774,1035
2775,2245
2776,1443
2777,4846
2778,1878
2779,3908
2780,4805
2781,4719
2782,1419
2783,2598
2784,3798
2785,2763
2786,4093
2787,1192
2788,1351
2789,4674
2790,3746
2791,3566
2792,3748
2793,1663
2794,160
2795,4212
2796,4915
2797,1050
2798,182
2799,377
2800,926
2801,3303
2802,2115
2803,1533
2804,1560
2805,3401
2806,85
2807,4541
2808,3101
2809,4125
2810,3083
2811,2580
2812,2762
2813,4890
2814,3
2815,272
2816,672
2817,11
2818,1086
2819,759
2820,3742
2821,3821
2822,552
2823,2587
2824,1492
2825,627
2826,1147
2827,2495
2828,1668
2829,507
2830,887
2831,795
2832,273
2833,2592
2834,3774
2835,3733
2836,4092
2837,269
2838,1744
2839,1419
2840,4795
2841,1383
2842,792
2843,574
2844,2336
2845,2459
2846,1073
2847,314
2848,4833
2849,163
2850,2028
2851,2669
2852,1210
2853,2672
2854,3220
2855,4975
2856,1605
2857,4956
2858,4757
2859,1547
2860,2798
2861,4069
2862,1431
2863,398
2864,1532
2865,4480
2866,4295
2867,4510
2868,328
2869,530
2870,3992
2871,178
2872,3539
2873,579
2874,3182
2875,2177
2876,4287
2877,2739
2878,617
2879,3660
2880,3992
2881,2367
2882,3212
2883,298
2884,3476
2885,2222
2886,4519
2887,2344
2888,1500
2889,2138
2890,3251
2891,2323
2892,974
2893,1278
2894,3832
2895,576
2896,4158
2897,2805
2898,2218
2899,2709
2900,4143
2901,2080
2902,3175
2903,34
2904,4887
2905,1287
2906,778
2907,512
2908,2352
2909,2827
2910,1462
2911,425
2912,3786
2913,3911
2914,860
2915,62
2916,171
2917,3341
2918,2578
2919,1974
2920,128
2921,2160
2922,4706
2923,1525
2924,2049
2925,3725
2926,381
2927,2917
2928,3349
2929,3516
2930,3226
2931,2398
2932,3208
2933,1028
2934,2776
2935,3365
2936,3152
2937,4520
2938,3418
2939,1543
2940,146
2941,2817
2942,4554
2943,2321
2944,3730
2945,2090
2946,3030
2947,3522
2948,2865
2949,4383
2950,3906
2951,2525
2952,4232
2953,3729
2954,2291
2955,2271
2956,1247
2957,4310
2958,4433
2959,2673
2960,2467
2961,2452
2962,117
2963,3350
2964,1169
2965,653
2966,4770
2967,1848
2968,3
2969,3201
2970,3016
2971,4228
2972,2354
2973,4909
2974,764
2975,4305
2976,631
2977,1358
2978,48
2979,4034
2980,4389
2981,2187
2982,2204
2983,3500
2984,4657
2985,2958
2986,4918
2987,672
2988,2676
2989,4145
2990,2374
2991,716
2992,4289
2993,2011
2994,4302
2995,48
2996,124
2997,1095
2998,4957
2999,2671
3000,814
3001,2431
3002,2542
3003,3354
3004,1973
3005,3808
3006,4287
3007,3046
3008,3203
3009,1801
3010,2455
3011,1507
3012,1160
3013,1821
3014,2826
3015,4775
3016,3828
3017,1490
3018,90
3019,2014
3020,183
3021,2151
3022,1721
3023,216
3024,3579
3025,3376
3026,4081
3027,4316
3028,4437
3029,1573
3030,3425
3031,3379
3032,2610
3033,3054
3034,265
3035,829
3036,4056
3037,628
3038,57
3039,4872
3040,643
3041,3643
3042,2521
3043,374
3044,2067
3045,947
3046,3856
3047,1156
3048,522
3049,2799
3050,4914
3051,78
3052,4524
3053,4420
3054,4381
3055,3331
3056,3318
3057,4016
3058,4949
3059,1620
3060,4455
3061,74
3062,4198
3063,2117
3064,1707
3065,4065
3066,4836
3067,4965
3068,2506
3069,2064
3070,4382
3071,4260
3072,3259
3073,2032
3074,682
3075,4360
3076,4040
3077,1116
3078,4872
3079,1933
3080,2222
3081,3339
3082,3059
3083,1141
3084,3468
3085,2768
3086,1679
3087,4815
3088,226
3089,2023
3090,4169
3091,3418
3092,3533
3093,2775
3094,3524
3095,2501
3096,674
3097,4953
3098,3331
3099,1302
3100,4307
3101,4681
3102,2187
3103,3778
3104,1220
3105,4775
3106,3620
3107,657
3108,2325
3109,1652
3110,2157
3111,2552
3112,2928
3113,1559
3114,2534
3115,1575
3116,3269
3117,3006
3118,1355
3119,914
3120,2269
3121,2558
3122,2190
3123,743
3124,2991
3125,4155
3126,4124
3127,779
3128,2979
3129,2999
3130,4311
3131,3033
3132,688
3133,3314
3134,2324
3135,4283
3136,1437
3137,955
3138,1619
3139,475
3140,4630
3141,3910
3142,4846
3143,3596
3144,384
3145,857
3146,2007
3147,4913
3148,1683
3149,73
3150,3641
3151,4091
3152,4158
3153,2331
3154,2308
3155,3126
3156,2350
3157,3847
3158,2749
3159,1087
3160,1010
3161,4408
3162,543
3163,714
3164,4891
3165,2256
3166,2702
3167,3359
3168,2421
3169,3535
3170,1156
3171,4088
3172,757
3173,4021
3174,373
3175,4065
3176,2034
3177,3367
3178,2231
3179,1298
3180,3465
3181,475
3182,2216
3183,2777
3184,1993
3185,4624
3186,2787
3187,5
3188,2630
3189,1153
3190,1163
3191,778
3192,2906
3193,1225
3194,2923
3195,4134
3196,4432
3197,3029
3198,4185
3199,2368
3200,3893
3201,1951
3202,3485
3203,2879
3204,4117
3205,4495
3206,2813
3207,230
3208,4358
3209,1065
3210,895
3211,3073
3212,2444
3213,2589
3214,360
3215,578
3216,1997
3217,2553
3218,1646
3219,155
3220,2270
3221,4660
3222,1069
3223,3330
3224,4588
3225,4316
3226,2897
3227,1780
3228,2586
3229,3500
3230,190
3231,3493
3232,1127
3233,3900
3234,1506
3235,4431
3236,4988
3237,3587
3238,3135
3239,2195
3240,3824
3241,4158
3242,3433
3243,651
3244,3714
3245,277
3246,1414
3247,4876
3248,3312
3249,1816
3250,1031
3251,1025
3252,873
3253,185
3254,1482
3255,1670
3256,1635
3257,749
3258,2383
3259,3679
3260,4293
3261,969
3262,3815
3263,2180
3264,705
3265,3321
3266,4443
3267,1649
3268,1389
3269,3404
3270,1672
3271,4515
3272,1907
3273,1790
3274,3841
3275,4457
3276,2245
3277,2356
3278,1666
3279,2067
3280,1608
3281,4278
3282,2048
3283,2611
3284,4845
3285,938
3286,2825
3287,2306
3288,1242
3289,2095
3290,4876
3291,4973
3292,4178
3293,3692
3294,2173
3295,1160
3296,2119
3297,4011
3298,4403
3299,4163
3300,3814
3301,1735
3302,4198
3303,3303
3304,903
3305,664
3306,1947
3307,4390
3308,4352
3309,2916
3310,4546
3311,2165
3312,596
3313,3734
3314,576
3315,1865
3316,665
3317,1035
3318,3355
3319,2972
3320,982
3321,1245
3322,2995
3323,4292
3324,4416
3325,2473
3326,1489
3327,3794
3328,3016
3329,3972
3330,4752
3331,3011
3332,2158
3333,1199
3334,551
3335,2567
3336,4623
3337,4089
3338,1145
3339,441
3340,1059
3341,2436
3342,4441
3343,1897
3344,1021
3345,2519
3346,4992
3347,54
3348,385
3349,928
3350,3690
3351,4358
3352,1020
3353,1391
3354,2055
3355,909
3356,2448
3357,814
3358,1893
3359,4634
3360,2055
3361,698
3362,4384
3363,632
3364,2875
3365,4370
3366,2291
3367,3893
3368,1258
3369,95
3370,2367
3371,4775
3372,2604
3373,919
3374,2423
3375,4118
3376,1366
3377,2693
3378,1211
3379,3470
3380,4163
3381,2651
3382,2649
3383,4382
3384,1763
3385,2665
3386,2856
3387,164
3388,4834
3389,4051
3390,3889
3391,3445
3392,3633
3393,3567
3394,1800
3395,168
3396,2049
3397,112
3398,224
3399,3192
3400,3353
3401,1237
3402,3309
3403,2931
3404,4315
3405,2659
3406,4606
3407,3097
3408,3105
3409,4077
3410,344
3411,3621
3412,4147
3413,937
3414,935
3415,3100
3416,4671
3417,2946
3418,2712
3419,4886
3420,661
3421,4416
3422,500
3423,4089
3424,2358
3425,4102
3426,3778
3427,2453
3428,2170
3429,274
3430,4987
3431,2439
3432,419
3433,4336
3434,2261
3435,4305
3436,4821
3437,1724
3438,2337
3439,4947
3440,2645
3441,3674
3442,1094
3443,3879
3444,538
3445,3234
3446,417
3447,4678
3448,263
3449,1980
3450,3138
3451,3325
3452,2276
3453,3120
3454,626
3455,2484
3456,2206
3457,4108
3458,2380
3459,261
3460,1688
3461,737
3462,4692
3463,4578
3464,2867
3465,925
3466,4561
3467,4449
3468,2301
3469,2269
3470,127
3471,3389
3472,4361
3473,977
3474,567
3475,4079
3476,3211
3477,4099
3478,1720
3479,4023
3480,4254
3481,4582
3482,4838
3483,1955
3484,680
3485,4614
3486,1717
3487,4238
3488,4753
3489,1176
3490,3239
3491,2113
3492,3775
3493,4355
3494,1524
3495,430
3496,3434
3497,4745
3498,2787
3499,295
3500,4558
3501,686
3502,2320
3503,4158
3504,2889
3505,4691
3506,811
3507,4897
3508,291
3509,2483
3510,4873
3511,439
3512,4351
3513,3865
3514,2843
3515,326
3516,3149
3517,2268
3518,3634
3519,104
3520,437
3521,1148
3522,3401
3523,2548
3524,3577
3525,283
3526,1058
3527,9
3528,1381
3529,3726
3530,4689
3531,2475
3532,1723
3533,1166
3534,4867
3535,4308
3536,917
3537,1849
3538,682
3539,545
3540,1354
3541,2416
3542,4597
3543,513
3544,1383
3545,2963
3546,2164
3547,3418
3548,49
3549,1154
3550,992
3551,3254
3552,100
3553,4534
3554,4885
3555,463
3556,1703
3557,3289
3558,1671
3559,4182
3560,1907
3561,1622
3562,3819
3563,4489
3564,1200
3565,2134
3566,2724
3567,4205
3568,2183
3569,3479
3570,2958
3571,2168
3572,1472
3573,956
3574,999
3575,4572
3576,1945
3577,4359
3578,4098
3579,3347
3580,3644
3581,3216
3582,1565
3583,2631
3584,2883
3585,213
3586,3945
3587,1950
3588,1264
3589,2474
3590,4511
3591,3178
3592,355
3593,4116
3594,1352
3595,3882
3596,888
3597,2067
3598,2627
3599,3063
3600,390
3601,1258
3602,243
3603,2666
3604,506
3605,280
3606,975
3607,4465
3608,1947
3609,1418
3610,1630
3611,2207
3612,543
3613,4589
3614,1233
3615,4489
3616,172
3617,191
3618,3814
3619,2126
3620,4962
3621,1935
3622,3250
3623,1893
3624,4985
3625,1193
3626,3193
3627,44
3628,3239
3629,3728
3630,754
3631,2251
3632,4413
3633,3335
3634,3476
3635,720
3636,1749
3637,897
3638,4959
3639,999
3640,3746
3641,3518
3642,2443
3643,964
3644,583
3645,2725
3646,2378
3647,1424
3648,4117
3649,3592
3650,1588
3651,1441
3652,3696
3653,889
3654,4516
3655,4714
3656,2969
3657,978
3658,3431
3659,672
3660,2464
3661,3222
3662,1461
3663,4987
3664,458
3665,3920
3666,1557
3667,1680
3668,2755
3669,3075
3670,4853
3671,1420
3672,3405
3673,3446
3674,3389
3675,961
3676,4959
3677,240
3678,1951
3679,1204
3680,2398
3681,4313
3682,4614
3683,3374
3684,2172
3685,2123
3686,1027
3687,2953
3688,3221
3689,3781
3690,673
3691,155
3692,2862
3693,3262
3694,3645
3695,2559
3696,3850
3697,2994
3698,1606
3699,1930
3700,4652
3701,4209
3702,4388
3703,4303
3704,1648
3705,1583
3706,1487
3707,3273
3708,4593
3709,4251
3710,2778
3711,2866
3712,1725
3713,1067
3714,2897
3715,4195
3716,1567
3717,2034
3718,3156
3719,4068
3720,19
3721,749
3722,2306
3723,2646
3724,2589
3725,1269
3726,3135
3727,2784
3728,3746
3729,4649
3730,4312
3731,4731
3732,4343
3733,4162
3734,1109
3735,229
3736,977
3737,1532
3738,1538
3739,3341
3740,4124
3741,2800
3742,2752
3743,2025
3744,4363
3745,2811
3746,3591
3747,4577
3748,4055
3749,3692
3750,3923
3751,1680
3752,4975
3753,1755
3754,1336
3755,13
3756,3189
3757,3977
3758,4983
3759,4340
3760,4826
3761,2219
3762,4393
3763,529
3764,2632
3765,524
3766,3587
3767,4217
3768,1110
3769,3048
3770,741
3771,2586
3772,389
3773,68
3774,1267
3775,51
3776,985
3777,1553
3778,1220
3779,2648
3780,2638
3781,4323
3782,2191
3783,1779
3784,4237
3785,602
3786,1616
3787,4312
3788,3254
3789,3027
3790,1576
3791,339
3792,3733
3793,1281
3794,844
3795,3646
3796,78
3797,1398
3798,2441
3799,4340
3800,3079
3801,3817
3802,1464
3803,3735
3804,4936
3805,508
3806,1200
3807,35
3808,4670
3809,3707
3810,2125
3811,3224
3812,385
3813,625
3814,2806
3815,2667
3816,4439
3817,4757
3818,672
3819,13
3820,1672
3821,4876
3822,1551
3823,3012
3824,1528
3825,2517
3826,2381
3827,962
3828,1059
3829,3975
3830,3944
3831,2306
3832,3103
3833,4690
3834,4543
3835,1126
3836,416
3837,351
3838,3151
3839,2927
3840,2441
3841,3317
3842,1638
3843,1267
3844,3147
3845,3477
3846,4372
3847,1317
3848,2824
3849,3688
3850,1419
3851,4013
3852,2767
3853,1009
3854,2311
3855,1047
3856,3791
3857,2374
3858,3513
3859,4981
3860,96
3861,1225
3862,3284
3863,4447
3864,4048
3865,2446
3866,1793
3867,4778
3868,4809
3869,1610
3870,1808
3871,982
3872,2661
3873,1389
3874,2207
3875,4136
3876,3712
3877,2439
3878,3380
3879,3906
3880,646
3881,1305
3882,2211
3883,1163
3884,4440
3885,4512
3886,4910
3887,3120
3888,177
3889,782
3890,4813
3891,3499
3892,4109
3893,1203
3894,588
3895,1666
3896,3244
3897,698
3898,2003
3899,2761
3900,2184
3901,1955
3902,3158
3903,1471
3904,2926
3905,2215
3906,2805
3907,4786
3908,2191
3909,3677
3910,4254
3911,1185
3912,2860
3913,633
3914,4508
3915,2480
3916,4855
3917,4224
3918,4817
3919,2483
3920,4573
3921,2678
3922,2363
3923,4213
3924,1120
3925,4059
3926,2339
3927,4026
3928,1974
3929,1168
3930,2530
3931,1018
3932,3600
3933,2148
3934,2488
3935,4186
3936,1500
3937,4285
3938,3012
3939,4734
3940,2255
3941,970
3942,74
3943,3282
3944,4552
3945,442
3946,2438
3947,2217
3948,2376
3949,4978
3950,4771
3951,302
3952,1344
3953,594
3954,655
3955,1202
3956,3395
3957,327
3958,1201
3959,2666
3960,723
3961,2886
3962,1051
3963,2160
3964,584
3965,1707
3966,2358
3967,3349
3968,2272
3969,2161
3970,212
3971,2447
3972,4928
3973,912
3974,4759
3975,2405
3976,4842
3977,3399
3978,4382
3979,1312
3980,2175
3981,3328
3982,2835
3983,267
3984,4150
3985,2227
3986,1770
3987,2578
3988,219
3989,1210
3990,2304
3991,4552
3992,4354
3993,2404
3994,649
3995,586
3996,591
3997,2273
3998,259
3999,4855
4000,3596
4001,3230
4002,4273
4003,1539
4004,3275
4005,963
4006,4619
4007,1536
4008,803
4009,4104
4010,1685
4011,4718
4012,3783
4013,825
4014,411
4015,3648
4016,584
4017,4068
4018,2622
4019,2453
4020,1769
4021,1587
4022,4583
4023,1032
4024,665
4025,2599
4026,1944
4027,84
4028,1479
4029,3797
4030,3290
4031,3686
4032,3127
4033,3717
4034,4895
4035,2595
4036,2631
4037,1806
4038,2465
4039,494
4040,3385
4041,484
4042,1448
4043,4785
4044,3491
4045,3649
4046,4752
4047,4917
4048,4305
4049,3476
4050,4662
4051,479
4052,4381
4053,3723
4054,1982
4055,3243
4056,3291
4057,4687
4058,2557
4059,1476
4060,2129
4061,605
4062,3724
4063,2694
4064,2320
4065,945
4066,2458
4067,428
4068,1387
4069,3110
4070,1449
4071,1806
4072,4799
4073,314
4074,2275
4075,1963
4076,4720
4077,2794
4078,2069
4079,1125
4080,3530
4081,4849
4082,3997
4083,982
4084,3980
4085,4191
4086,1182
4087,533
4088,4335
4089,3349
4090,3834
4091,1506
4092,4165
4093,2251
4094,1095
4095,4891
4096,2008
4097,4456
4098,2786
4099,3195
4100,3274
4101,1191
4102,1835
4103,1768
4104,720
4105,4871
4106,3476
4107,1102
4108,1475
4109,4559
4110,3459
4111,3953
4112,3690
4113,1529
4114,4432
4115,1253
4116,2050
4117,3822
4118,4361
4119,4453
4120,257
4121,821
4122,2614
4123,3791
4124,1906
4125,4106
4126,1704
4127,4839
4128,2461
4129,2202
4130,1442
4131,2
4132,186
4133,1216
4134,3825
4135,237
4136,4960
4137,2873
4138,2993
4139,2210
4140,4799
4141,27
4142,1726
4143,3190
4144,1442
4145,3823
4146,481
4147,4917
4148,652
4149,3737
4150,1835
4151,3746
4152,2411
4153,1413
4154,112
4155,4979
4156,4106
4157,3872
4158,3941
4159,237
4160,1836
4161,980
4162,4831
4163,2226
4164,4368
4165,468
4166,2389
4167,4098
4168,3486
4169,3568
4170,4467
4171,2493
4172,4775
4173,4586
4174,821
4175,3861
4176,4661
4177,3056
4178,3018
4179,4031
4180,2926
4181,3444
4182,1962
4183,2292
4184,2455
4185,1179
4186,869
4187,1686
4188,4642
4189,3907
4190,569
4191,2489
4192,992
4193,1118
4194,613
4195,199
4196,86
4197,3037
4198,4066
4199,3790
4200,3855
4201,1865
4202,3372
4203,775
4204,481
4205,1963
4206,3792
4207,425
4208,67
4209,87
4210,3684
4211,4689
4212,1307
4213,2316
4214,1132
4215,1777
4216,2413
4217,4996
4218,45
4219,1679
4220,4430
4221,4881
4222,4463
4223,467
4224,427
4225,4840
4226,4966
4227,3322
4228,1961
4229,4586
4230,4673
4231,3993
4232,2013
4233,4310
4234,1571
4235,2760
4236,1484
4237,985
4238,4402
4239,1424
4240,4410
4241,9
4242,210
4243,3776
4244,814
4245,4092
4246,4424
4247,3588
4248,1939
4249,381
4250,1694
4251,3009
4252,2128
4253,880
4254,250
4255,1233
4256,464
4257,2618
4258,4223
4259,4564
4260,4758
4261,4902
4262,2706
4263,4019
4264,3173
4265,3431
4266,2675
4267,24
4268,746
4269,1388
4270,3388
4271,2254
4272,2698
4273,1213
4274,4474
4275,1359
4276,185
4277,2614
4278,4068
4279,4852
4280,642
4281,4694
4282,3457
4283,2105
4284,577
4285,4024
4286,1057
4287,4871
4288,2700
4289,2580
4290,3546
4291,4908
4292,477
4293,1025
4294,859
4295,1994
4296,3524
4297,349
4298,2345
4299,2992
4300,3396
4301,2317
4302,3235
4303,4008
4304,4663
4305,4204
4306,3134
4307,2556
4308,4980
4309,4277
4310,1550
4311,949
4312,4901
4313,3239
4314,2948
4315,3535
4316,1566
4317,2955
4318,2497
4319,106
4320,1283
4321,617
4322,2178
4323,4106
4324,282
4325,4085
4326,439
4327,179
4328,1975
4329,720
4330,3304
4331,2614
4332,2214
4333,2153
4334,1979
4335,4524
4336,686
4337,313
4338,3351
4339,310
4340,4723
4341,3025
4342,555
4343,2253
4344,4422
4345,4101
4346,886
4347,3820
4348,4056
4349,4280
4350,2868
4351,1308
4352,2205
4353,1551
4354,2181
4355,3004
4356,206
4357,4585
4358,4073
4359,1352
4360,2649
4361,1729
4362,4150
4363,1261
4364,4352
4365,546
4366,2085
4367,1921
4368,1696
4369,4742
4370,4297
4371,2383
4372,3723
4373,4609
4374,2090
4375,1628
4376,4935
4377,3698
4378,4055
4379,1218
4380,3982
4381,449
4382,2643
4383,2118
4384,651
4385,75
4386,4935
4387,1993
4388,514
4389,3149
4390,2650
4391,4947
4392,2487
4393,3891
4394,1775
4395,160
4396,4107
4397,2155
4398,4292
4399,380
4400,4053
4401,1671
4402,74
4403,1507
4404,4681
4405,2467
4406,4790
4407,106
4408,1774
4409,4252
4410,1023
4411,1007
4412,2168
4413,1752
4414,563
4415,3563
4416,4451
4417,4712
4418,4813
4419,1101
4420,287
4421,4103
4422,42
4423,1097
4424,1194
4425,611
4426,897
4427,1456
4428,2180
4429,4818
4430,45
4431,3038
4432,4588
4433,4982
4434,1789
4435,3125
4436,1502
4437,3765
4438,679
4439,4949
4440,531
4441,4623
4442,2418
4443,2205
4444,2646
4445,1846
4446,3116
4447,967
4448,3812
4449,2650
4450,1268
4451,4483
4452,2883
4453,4135
4454,1379
4455,328
4456,2079
4457,2044
4458,1419
4459,1910
4460,3492
4461,3416
4462,3730
4463,692
4464,4335
4465,1347
4466,1191
4467,4038
4468,4824
4469,4555
4470,57
4471,3535
4472,4945
4473,1935
4474,2770
4475,2837
4476,368
4477,1145
4478,1490
4479,280
4480,3781
4481,1540
4482,3386
4483,4827
4484,3849
4485,1282
4486,2908
4487,4337
4488,1334
4489,1208
4490,2905
4491,2164
4492,1546
4493,594
4494,4675
4495,1660
4496,3966
4497,1205
4498,4886
4499,3081
4500,4732
4501,4498
4502,2343
4503,3902
4504,536
4505,4131
4506,4207
4507,3090
4508,139
4509,198
4510,3857
4511,3449
4512,3399
4513,3553
4514,1583
4515,3960
4516,778
4517,1382
4518,86
4519,1415
4520,4848
4521,4285
4522,356
4523,3669
4524,1921
4525,3203
4526,2977
4527,580
4528,788
4529,4060
4530,4373
4531,2656
4532,1936
4533,2900
4534,2438
4535,2212
4536,363
4537,2936
4538,339
4539,4766
4540,4184
4541,1850
4542,3302
4543,4016
4544,3881
4545,2956
4546,4106
4547,1189
4548,4135
4549,1964
4550,4486
4551,408
4552,2929
4553,349
4554,4356
4555,1051
4556,32
4557,3786
4558,2478
4559,444
4560,4213
4561,3816
4562,217
4563,1938
4564,4668
4565,625
4566,973
4567,976
4568,4396
4569,1472
4570,3590
4571,3129
4572,2287
4573,270
4574,4302
4575,2589
4576,580
4577,990
4578,3440
4579,3691
4580,1786
4581,4193
4582,1260
4583,890
4584,3966
4585,3730
4586,85
4587,1384
4588,2413
4589,2004
4590,3101
4591,2766
4592,3315
4593,854
4594,4179
4595,2101
4596,1661
4597,109
4598,2985
4599,4108
4600,47
4601,1303
4602,4354
4603,2127
4604,3243
4605,1198
4606,1029
4607,458
4608,2543
4609,3373
4610,305
4611,2524
4612,19
4613,1568
4614,2577
4615,1201
4616,442
4617,893
4618,3125
4619,2874
4620,924
4621,4379
4622,3019
4623,1226
4624,2591
4625,792
4626,530
4627,3297
4628,625
4629,1256
4630,1930
4631,525
4632,3252
4633,4500
4634,2874
4635,4260
4636,179
4637,1476
4638,4220
4639,2321
4640,209
4641,2564
4642,4392
4643,3923
4644,2126
4645,717
4646,3135
4647,2885
4648,3434
4649,730
4650,2692
4651,3049
4652,4940
4653,4485
4654,2357
4655,4208
4656,2612
4657,4171
4658,2680
4659,808
4660,3728
4661,1137
4662,1110
4663,2137
4664,3567
4665,1054
4666,4431
4667,4533
4668,1761
4669,629
4670,1616
4671,1899
4672,1858
4673,3430
4674,647
4675,3684
4676,2678
4677,573
4678,3381
4679,2964
4680,4788
4681,1157
4682,4644
4683,4793
4684,388
4685,4372
4686,237
4687,3412
4688,1784
4689,4799
4690,3938
4691,958
4692,2912
4693,1237
4694,2152
4695,380
4696,3012
4697,2524
4698,2127
4699,916
4700,512
4701,1644
4702,3754
4703,2325
4704,1219
4705,1288
4706,1044
4707,337
4708,2685
4709,4513
4710,1834
4711,4470
4712,1381
4713,1155
4714,2708
4715,82
4716,4177
4717,68
4718,3317
4719,3257
4720,2565
4721,1923
4722,760
4723,970
4724,2645
4725,2036
4726,1645
4727,3665
4728,3062
4729,3104
4730,516
4731,1785
4732,4157
4733,624
4734,1117
4735,4916
4736,4603
4737,4351
4738,1379
4739,577
4740,19
4741,3858
4742,2019
4743,329
4744,4163
4745,3567
4746,1157
4747,3897
4748,2062
4749,2354
4750,680
4751,3426
4752,4953
4753,1799
4754,407
4755,4424
4756,59
4757,3329
4758,3202
4759,3212
4760,2125
4761,4243
4762,277
4763,4133
4764,179
4765,2468
4766,3031
4767,3441
4768,1738
4769,4702
4770,3320
4771,377
4772,4065
4773,2760
4774,4792
4775,3573
4776,899
4777,3838
4778,2762
4779,4304
4780,1336
4781,4625
4782,3301
4783,3845
4784,1632
4785,1702
4786,2015
4787,4052
4788,4329
4789,3830
4790,139
4791,3571
4792,3907
4793,251
4794,1267
4795,4977
4796,4456
4797,461
4798,2841
4799,3123
4800,1616
4801,1886
4802,239
4803,2950
4804,318
4805,2355
4806,2959
4807,2871
4808,3100
4809,2373
4810,3554
4811,4065
4812,1917
4813,3702
4814,1622
4815,3656
4816,2248
4817,329
4818,1996
4819,3530
4820,3558
4821,2428
4822,3613
4823,2816
4824,2782
4825,664
4826,1265
4827,1612
4828,3340
4829,568
4830,1882
4831,92
4832,1607
4833,1780
4834,1762
4835,3996
4836,3232
4837,4437
4838,811
4839,1507
4840,748
4841,2550
4842,4967
4843,2962
4844,2831
4845,960
4846,1310
4847,973
4848,4272
4849,2825
4850,1059
4851,2804
4852,2301
4853,4413
4854,4650
4855,2170
4856,4750
4857,4397
4858,1800
4859,3851
4860,4945
4861,1853
4862,3119
4863,4226
4864,1161
4865,3919
4866,1086
4867,2136
4868,2400
4869,1411
4870,4628
4871,1853
4872,4204
4873,29
4874,3380
4875,520
4876,3185
4877,2332
4878,3954
4879,168
4880,1894
4881,1212
4882,4687
4883,1302
4884,4674
4885,4965
4886,957
4887,3050
4888,221
4889,4479
4890,1717
4891,2281
4892,4911
4893,1458
4894,3811
4895,43
4896,296
4897,3151
4898,2066
4899,3601
4900,3174
4901,4705
4902,306
4903,3822
4904,2036
4905,2463
4906,4333
4907,256
4908,2670
4909,1953
4910,1479
4911,894
4912,3477
4913,136
4914,532
4915,1962
4916,980
4917,2054
4918,4879
4919,4217
4920,1257
4921,1070
4922,3500
4923,3276
4924,1010
4925,4625
4926,2543
4927,92
4928,1749
4929,4123
4930,2178
4931,3604
4932,1609
4933,4675
4934,4995
4935,4949
4936,2849
4937,605
4938,4224
4939,1530
4940,231
4941,1771
4942,4483
4943,4139
4944,652
4945,4309
4946,2261
4947,3902
4948,242
4949,3810
4950,1273
4951,1543
4952,160
4953,3342
4954,118
4955,2761
4956,52
4957,875
4958,1885
4959,2219
4960,1488
4961,1023
4962,4635
4963,3877
4964,3167
4965,2286
4966,1239
4967,194
4968,2435
4969,1187
4970,314
4971,1592
4972,3398
4973,1755
4974,2247
4975,4218
4976,4799
4977,4510
4978,4112
4979,4505
4980,2662
4981,4451
4982,351
4983,1261
4984,4625
4985,54
4986,1615
4987,2238
4988,455
4989,4157
4990,4402
4991,2996
4992,2192
4993,4354
4994,2600
4995,3122
4996,320
4997,2309
4998,4610
4999,3980
5000,2236
5001,3961
5002,1960
5003,3004
5004,2242
5005,1988
5006,1119
5007,4889
5008,4005
5009,4182
5010,1541
5011,3234
5012,2775
5013,140
5014,2375
5015,179
5016,1850
5017,3585
5018,2897
5019,869
5020,2506
5021,3905
5022,3263
5023,4114
5024,656
5025,1195
5026,4436
5027,2452
5028,883
5029,3274
5030,3418
5031,3007
5032,4942
5033,4510
5034,2565
5035,623
5036,804
5037,4001
5038,4528
5039,2990
5040,4007
5041,655
5042,1014
5043,2216
5044,2353
5045,2855
5046,3016
5047,2691
5048,1269
5049,2006
5050,4629
5051,958
5052,3852
5053,3409
5054,4200
5055,1822
5056,3255
5057,3602
5058,2850
5059,1263
5060,3170
5061,381
5062,4042
5063,4636
5064,4483
5065,3070
5066,3465
5067,4634
5068,1191
5069,2670
5070,2764
5071,264
5072,1964
5073,4760
5074,1506
5075,4322
5076,3156
5077,104
5078,787
5079,2625
5080,4391
5081,1639
5082,1219
5083,1463
5084,1016
5085,127
5086,1494
5087,665
5088,4412
5089,2617
5090,1596
5091,4074
5092,391
5093,1214
5094,953
5095,1841
5096,3194
5097,864
5098,73
5099,2248
5100,4953
5101,2450
5102,2060
5103,466
5104,4586
5105,1420
5106,814
5107,2595
5108,4955
5109,2436
5110,56
5111,2737
5112,4636
5113,3813
5114,933
5115,3724
5116,4823
5117,1505
5118,1780
5119,1161
5120,4422
5121,880
5122,706
5123,3191
5124,4595
5125,3023
5126,1620
5127,2655
5128,2077
5129,3191
5130,2927
5131,3876
5132,1430
5133,4851
5134,3524
5135,4782
5136,2895
5137,2854
5138,4389
5139,2975
5140,537
5141,2650
5142,2246
5143,250
5144,4941
5145,1350
5146,1190
5147,2713
5148,4904
5149,207
5150,1657
5151,835
5152,1526
5153,4930
5154,464
5155,4754
5156,171
5157,3982
5158,505
5159,3085
5160,1679
5161,1604
5162,3836
5163,392
5164,1176
5165,758
5166,4500
5167,4743
5168,4734
5169,2682
5170,125
5171,3718
5172,4590
5173,1830
5174,4221
5175,3225
5176,3618
5177,1658
5178,2336
5179,3940
5180,1196
5181,1083
5182,4346
5183,1430
5184,1031
5185,1008
5186,965
5187,318
5188,2658
5189,2099
5190,2656
5191,2670
5192,4617
5193,2540
5194,3311
5195,2967
5196,2902
5197,4197
5198,3287
5199,3096
5200,4017
5201,2033
5202,3533
5203,1086
5204,368
5205,3107
5206,229
5207,2616
5208,3806
5209,3068
5210,4945
5211,1016
5212,2891
5213,2308
5214,3046
5215,1596
5216,1713
5217,3625
5218,1097
5219,4334
5220,3511
5221,697
5222,539
5223,2744
5224,2840
5225,1719
5226,2235
5227,4866
5228,606
5229,4048
5230,3776
5231,4155
5232,1115
5233,1714
5234,3948
5235,2736
5236,3034
5237,843
5238,1499
5239,3592
5240,2163
5241,1551
5242,1847
5243,4797
5244,1188
5245,3730
5246,1239
5247,4342
5248,2064
5249,2254
5250,2608
5251,921
5252,4955
5253,4013
5254,3448
5255,205
5256,4906
5257,1722
5258,3018
5259,2056
5260,447
5261,999
5262,1896
5263,1806
5264,3406
5265,4418
5266,4670
5267,2761
5268,2906
5269,2753
5270,3251
5271,1726
5272,214
5273,3847
5274,1382
5275,2398
5276,940
5277,1388
5278,3988
5279,2177
5280,4026
5281,2554
5282,4883
5283,3565
5284,1130
5285,1331
5286,2662
5287,4558
5288,2923
5289,4923
5290,603
5291,1103
5292,2955
5293,799
5294,1792
5295,224
5296,1994
5297,377
5298,322
5299,3284
5300,2185
5301,1165
5302,4895
5303,3605
5304,2480
5305,2419
5306,4495
5307,23
5308,4581
5309,1978
5310,4837
5311,3082
5312,2682
5313,2666
5314,4646
5315,3697
5316,3014
5317,2592
5318,847
5319,4389
5320,2457
5321,3082
5322,1236
5323,165
5324,2886
5325,1823
5326,3098
5327,4256
5328,1470
5329,318
5330,3886
5331,1830
5332,2775
5333,3819
5334,1130
5335,250
5336,3891
5337,1401
5338,1954
5339,4730
5340,4018
5341,4043
5342,3922
5343,2033
5344,2824
5345,2783
5346,1625
5347,4215
5348,3305
5349,1097
5350,2740
5351,2965
5352,4993
5353,1771
5354,4662
5355,2594
5356,3924
5357,3904
5358,4468
5359,189
5360,2724
5361,946
5362,3191
5363,1588
5364,1928
5365,2171
5366,3905
5367,3941
5368,773
5369,2333
5370,372
5371,292
5372,34
5373,237
5374,749
5375,4318
5376,2327
5377,3256
5378,3173
5379,319
5380,2206
5381,611
5382,1224
5383,174
5384,256
5385,634
5386,3947
5387,747
5388,937
5389,3384
5390,1856
5391,372
5392,2998
5393,3629
5394,3533
5395,3539
5396,925
5397,130
5398,1433
5399,440
5400,2291
5401,19
5402,3343
5403,4630
5404,79
5405,2725
5406,2339
5407,1091
5408,2288
5409,2680
5410,2148
5411,2248
5412,56
5413,1565
5414,2258
5415,4491
5416,4436
5417,4489
5418,2900
5419,2880
5420,1015
5421,3066
5422,2529
5423,998
5424,2292
5425,2039
5426,4064
5427,4473
5428,4382
5429,802
5430,2178
5431,3264
5432,3427
5433,2898
5434,2115
5435,2306
5436,415
5437,430
5438,4880
5439,1770
5440,4606
5441,2494
5442,3209
5443,96
5444,1369
5445,882
5446,1248
5447,1529
5448,3245
5449,2299
5450,1055
5451,4438
5452,4974
5453,2383
5454,341
5455,803
5456,2904
5457,2684
5458,3256
5459,2849
5460,1709
5461,461
5462,2549
5463,2609
5464,3393
5465,22
5466,3588
5467,3845
5468,1365
5469,1641
5470,2159
5471,1377
5472,1393
5473,518
5474,3948
5475,3352
5476,3538
5477,582
5478,4073
5479,263
5480,3027
5481,264
5482,3578
5483,2994
5484,3379
5485,2138
5486,294
5487,3497
5488,1544
5489,4296
5490,3793
5491,966
5492,3319
5493,4912
5494,4704
5495,4584
5496,1406
5497,790
5498,1847
5499,263
5500,404
5501,4343
5502,1103
5503,3838
5504,1165
5505,1102
5506,1127
5507,3482
5508,3366
5509,3015
5510,2972
5511,1241
5512,1179
5513,2025
5514,2007
5515,2023
5516,389
5517,4195
5518,4123
5519,3551
5520,1367
5521,2595
5522,1328
5523,4177
5524,785
5525,3506
5526,3603
5527,2930
5528,3487
5529,293
5530,4565
5531,2391
5532,598
5533,863
5534,2791
5535,3179
5536,1432
5537,4227
5538,1713
5539,778
5540,276
5541,4463
5542,3437
5543,2889
5544,261
5545,3418
5546,2937
5547,406
5548,1737
5549,429
5550,799
5551,3656
5552,4376
5553,3116
5554,3505
5555,892
5556,565
5557,3322
5558,300
5559,135
5560,1692
5561,861
5562,2662
5563,2437
5564,257
5565,843
5566,490
5567,4089
5568,3846
5569,4750
5570,3478
5571,1490
5572,1167
5573,3762
5574,4593
5575,607
5576,4906
5577,1645
5578,182
5579,4894
5580,4080
5581,4012
5582,4927
5583,1203
5584,1873
5585,2624
5586,3723
5587,3153
5588,2688
5589,3801
5590,2694
5591,217
5592,644
5593,2221
5594,521
5595,4031
5596,3387
5597,3706
5598,4411
5599,4010
5600,2546
5601,1825
5602,74
5603,1071
5604,4967
5605,3448
5606,1635
5607,2839
5608,3843
5609,3689
5610,1765
5611,991
5612,1286
5613,148
5614,1723
5615,2017
5616,746
5617,948
5618,1322
5619,956
5620,4151
5621,4424
5622,770
5623,2229
5624,2073
5625,2675
5626,1993
5627,4203
5628,1042
5629,4347
5630,4822
5631,1690
5632,4619
5633,1684
5634,3106
5635,3604
5636,2545
5637,3767
5638,2722
5639,1361
5640,1669
5641,4221
5642,2585
5643,1699
5644,1083
5645,1665
5646,2370
5647,584
5648,3333
5649,1297
5650,4568
5651,3025
5652,2960
5653,4871
5654,4376
5655,3026
5656,3401
5657,3065
5658,1545
5659,3729
5660,443
5661,723
5662,2058
5663,3814
5664,461
5665,3908
5666,3451
5667,4214
5668,621
5669,618
5670,21
5671,1006
5672,2908
5673,2468
5674,1963
5675,4174
5676,2531
5677,1060
5678,3973
5679,523
5680,4039
5681,3899
5682,3215
5683,3644
5684,1416
5685,1690
5686,4334
5687,916
5688,3543
5689,2711
5690,537
5691,2960
5692,3067
5693,4379
5694,2418
5695,3847
5696,3615
5697,481
5698,3421
5699,355
5700,1558
5701,3570
5702,2507
5703,2593
5704,4180
5705,401
5706,3876
5707,1072
5708,1716
5709,3852
5710,1992
5711,1619
5712,3073
5713,2941
5714,55
5715,4299
5716,1341
5717,2446
5718,1417
5719,1108
5720,4121
5721,590
5722,115
5723,2048
5724,143
5725,4277
5726,4444
5727,3021
5728,4961
5729,4040
5730,3425
5731,3277
5732,1532
5733,4530
5734,2327
5735,4205
5736,333
5737,3446
5738,251
5739,3728
5740,3129
5741,1631
5742,4238
5743,1472
5744,4255
5745,2266
5746,2210
5747,1893
5748,2249
5749,318
5750,1147
5751,4222
5752,2066
5753,4778
5754,1795
5755,1832
5756,4925
5757,3932
5758,4749
5759,1162
5760,4440
5761,2105
5762,1045
5763,1234
5764,1417
5765,3498
5766,1098
5767,4743
5768,1023
5769,1193
5770,772
5771,35
5772,3256
5773,118
5774,2249
5775,4375
5776,493
5777,4107
5778,264
5779,2257
5780,4555
5781,823
5782,2707
5783,3481
5784,4331
5785,945
5786,2191
5787,3614
5788,4478
5789,3278
5790,2551
5791,4889
5792,2289
5793,1434
5794,2388
5795,3297
5796,69
5797,1983
5798,1195
5799,2336
5800,3523
5801,1533
5802,4257
5803,4229
5804,3441
5805,3447
5806,3024
5807,696
5808,4369
5809,520
5810,4609
5811,545
5812,3351
5813,2474
5814,1604
5815,4963
5816,1171
5817,3225
5818,4142
5819,3171
5820,4541
5821,4395
5822,3663
5823,700
5824,1671
5825,4004
5826,2764
5827,1093
5828,1048
5829,3715
5830,3839
5831,3372
5832,2005
5833,1796
5834,2896
5835,4994
5836,931
5837,984
5838,3815
5839,2639
5840,4965
5841,4345
5842,1382
5843,443
5844,3213
5845,534
5846,528
5847,1813
5848,3910
5849,3976
5850,1659
5851,2266
5852,3670
5853,3678
5854,4046
5855,4563
5856,4127
5857,696
5858,1517
5859,4192
5860,513
5861,1908
5862,4803
5863,2950
5864,25
5865,758
5866,2191
5867,4832
5868,4539
5869,331
5870,439
5871,2033
5872,302
5873,3615
5874,4286
5875,22
5876,562
5877,2556
5878,3014
5879,2939
5880,2229
5881,327
5882,2146
5883,2948
5884,1240
5885,3729
5886,2776
5887,2872
5888,1426
5889,2730
5890,257
5891,4601
5892,4854
5893,2054
5894,4188
5895,3096
5896,2821
5897,719
5898,2002
5899,208
5900,4616
5901,804
5902,4399
5903,1844
5904,3317
5905,4641
5906,542
5907,4786
5908,3127
5909,3197
5910,4780
5911,3346
5912,2253
5913,4300
5914,3720
5915,352
5916,2492
5917,2195
5918,352
5919,1796
5920,3503
5921,1096
5922,1058
5923,4454
5924,2188
5925,2310
5926,3222
5927,2971
5928,2211
5929,511
5930,3048
5931,4817
5932,4763
5933,1906
5934,4578
5935,4249
5936,1006
5937,72
5938,2496
5939,1754
5940,989
5941,81
5942,2027
5943,279
5944,4782
5945,4764
5946,4613
5947,1106
5948,2029
5949,3479
5950,4473
5951,4233
5952,4316
5953,657
5954,4591
5955,1846
5956,3893
5957,4864
5958,4479
5959,4593
5960,3667
5961,3804
5962,2672
5963,1004
5964,153
5965,3344
5966,1627
5967,1210
5968,905
5969,4540
5970,4232
5971,820
5972,2032
5973,1525
5974,4230
5975,1518
5976,1419
5977,1604
5978,4087
5979,3786
5980,845
5981,2702
5982,2942
5983,883
5984,1605
5985,529
5986,978
5987,1329
5988,3908
5989,1115
5990,134
5991,1766
5992,570
5993,962
5994,4347
5995,716
5996,1436
5997,1833
5998,4467
5999,2482
6000,3058
6001,306
6002,3971
6003,2390
6004,4582
6005,2027
6006,4258
6007,3634
6008,3646
6009,2196
6010,3836
6011,1424
6012,1693
6013,1401
6014,4485
6015,2759
6016,1907
6017,2771
6018,3046
6019,3109
6020,1976
6021,2536
6022,2052
6023,1909
6024,3974
6025,2532
6026,1857
6027,3687
6028,1001
6029,2587
6030,3885
6031,749
6032,4973
6033,3357
6034,1477
6035,4128
6036,2381
6037,307
6038,785
6039,3647
6040,274
6041,2293
6042,4012
6043,993
6044,604
6045,4755
6046,4692
6047,2855
6048,953
6049,2543
6050,4296
6051,3315
6052,2388
6053,306
6054,4674
6055,4189
6056,1618
6057,1192
6058,3926
6059,1829
6060,4193
6061,26
6062,3192
6063,2883
6064,3471
6065,4885
6066,4508
6067,3669
6068,850
6069,3474
6070,4236
6071,4496
6072,2632
6073,2911
6074,959
6075,4063
6076,4258
6077,1649
6078,4548
6079,67
6080,1288
6081,241
6082,1347
6083,4287
6084,1256
6085,4427
6086,432
6087,4261
6088,4568
6089,1756
6090,2054
6091,2255
6092,1008
6093,2790
6094,4862
6095,3518
6096,2419
6097,1986
6098,3054
6099,2711
6100,3844
6101,1528
6102,1592
6103,147
6104,3535
6105,2979
6106,1518
6107,1356
6108,1581
6109,4207
6110,1712
6111,4276
6112,4568
6113,3837
6114,3845
6115,82
6116,4327
6117,4084
6118,1566
6119,3458
6120,4802
6121,278
6122,4407
6123,742
6124,2240
6125,4882
6126,3887
6127,233
6128,2
6129,4727
6130,299
6131,2789
6132,1616
6133,3197
6134,4989
6135,2049
6136,4389
6137,4801
6138,2951
6139,2495
6140,2760
6141,87
6142,2148
6143,4212
6144,1276
6145,1748
6146,2141
6147,534
6148,2929
6149,3664
6150,1808
6151,1831
6152,3282
6153,3068
6154,1681
6155,182
6156,4870
6157,1306
6158,385
6159,3315
6160,2683
6161,4687
6162,4210
6163,2315
6164,747
6165,213
6166,822
6167,1897
6168,3041
6169,2729
6170,2013
6171,4651
6172,3349
6173,1215
6174,2580
6175,3190
6176,49
6177,4942
6178,1609
6179,2388
6180,1449
6181,2401
6182,4820
6183,3774
6184,399
6185,1811
6186,20
6187,1570
6188,4066
6189,2253
6190,1526
6191,2758
6192,4438
6193,3131
6194,962
6195,4377
6196,4419
6197,3030
6198,2640
6199,3505
6200,2627
6201,4638
6202,1817
6203,1527
6204,1682
6205,1963
6206,760
6207,3585
6208,3568
6209,1164
6210,2327
6211,1498
6212,1267
6213,4197
6214,256
6215,3509
6216,1805
6217,4615
6218,3565
6219,1401
6220,3318
6221,3710
6222,1033
6223,3576
6224,1069
6225,2731
6226,4435
6227,2767
6228,780
6229,4142
6230,1984
6231,4818
6232,851
6233,3166
6234,4709
6235,1281
6236,1690
6237,3310
6238,1214
6239,2439
6240,4099
6241,4318
6242,4290
6243,3534
6244,4249
6245,585
6246,232
6247,626
6248,1403
6249,3667
6250,1139
6251,3369
6252,3690
6253,4825
6254,2547
6255,858
6256,2063
6257,1427
6258,3770
6259,3891
6260,4179
6261,3409
6262,4011
6263,4252
6264,3980
6265,235
6266,2106
6267,2045
6268,2537
6269,2847
6270,830
6271,4918
6272,574
6273,1961
6274,3124
6275,4078
6276,4818
6277,3978
6278,4765
6279,397
6280,4114
6281,1238
6282,1161
6283,3419
6284,1301
6285,1072
6286,3842
6287,4571
6288,2314
6289,3981
6290,2671
6291,844
6292,4212
6293,349
6294,4374
6295,4304
6296,3171
6297,3723
6298,2445
6299,3643
6300,2568
6301,3687
6302,1843
6303,3739
6304,2096
6305,2066
6306,3089
6307,180
6308,3253
6309,2303
6310,3363
6311,4468
6312,4518
6313,505
6314,4179
6315,3939
6316,4391
6317,4835
6318,430
6319,4614
6320,4701
6321,4399
6322,2019
6323,464
6324,1369
6325,432
6326,4342
6327,4391
6328,2657
6329,2445
6330,2535
6331,2863
6332,2949
6333,3748
6334,3105
6335,2054
6336,3945
6337,4733
6338,4546
6339,4881
6340,2896
6341,2074
6342,1320
6343,4582
6344,3270
6345,909
6346,3985
6347,3414
6348,4574
6349,3087
6350,1585
6351,985
6352,3931
6353,365
6354,2533
6355,1158
6356,2690
6357,3744
6358,591
6359,4077
6360,2659
6361,4689
6362,3810
6363,4539
6364,590
6365,3557
6366,3541
6367,371
6368,185
6369,695
6370,1814
6371,2864
6372,1747
6373,3511
6374,3013
6375,210
6376,1099
6377,2692
6378,2026
6379,4006
6380,4461
6381,207
6382,2033
6383,3491
6384,3134
6385,3719
6386,3741
6387,4309
6388,1128
6389,4209
6390,2028
6391,349
6392,4620
6393,1661
6394,548
6395,4702
6396,218
6397,747
6398,3001
6399,2502
6400,3841
6401,914
6402,1290
6403,2918
6404,3667
6405,4414
6406,999
6407,64
6408,2064
6409,3851
6410,4546
6411,1591
6412,1082
6413,3783
6414,2895
6415,262
6416,4073
6417,698
6418,2404
6419,1175
6420,2061
6421,3777
6422,3874
6423,37
6424,1275
6425,3183
6426,2530
6427,1512
6428,3086
6429,1841
6430,432
6431,3285
6432,1583
6433,1429
6434,1021
6435,4512
6436,4217
6437,4116
6438,737
6439,1847
6440,4961
6441,2636
6442,1207
6443,4529
6444,1757
6445,3436
6446,2586
6447,1816
6448,4568
6449,3516
6450,2089
6451,2735
6452,3878
6453,1115
6454,3590
6455,3886
6456,4602
6457,2016
6458,260
6459,4297
6460,1839
6461,4650
6462,315
6463,3845
6464,2458
6465,4856
6466,4768
6467,363
6468,4381
6469,2127
6470,55
6471,4750
6472,3661
6473,3082
6474,2381
6475,3545
6476,2498
6477,3730
6478,4177
6479,2888
6480,1713
6481,2384
6482,2368
6483,1179
6484,1549
6485,3066
6486,2327
6487,3944
6488,427
6489,2557
6490,2848
6491,2639
6492,1481
6493,3533
6494,454
6495,808
6496,4781
6497,4670
6498,1949
6499,1245
6500,4501
6501,2782
6502,601
6503,4775
6504,2100
6505,3700
6506,355
6507,1403
6508,3201
6509,55
6510,4111
6511,2453
6512,460
6513,637
6514,4664
6515,916
6516,4465
6517,192
6518,143
6519,2436
6520,3703
6521,4679
6522,4557
6523,1491
6524,983
6525,3006
6526,2885
6527,3445
6528,4767
6529,3395
6530,2745
6531,2831
6532,3885
6533,1476
6534,4510
6535,2282
6536,4575
6537,566
6538,4283
6539,3956
6540,2154
6541,3314
6542,1116
6543,2893
6544,4431
6545,1850
6546,2678
6547,3443
6548,2335
6549,709
6550,4354
6551,1953
6552,4596
6553,3139
6554,959
6555,873
6556,3826
6557,4600
6558,2171
6559,2898
6560,3226
6561,410
6562,4153
6563,4150
6564,4628
6565,87
6566,557
6567,1461
6568,2818
6569,4570
6570,2212
6571,669
6572,577
6573,2986
6574,4940
6575,3246
6576,1768
6577,3239
6578,4644
6579,3698
6580,130
6581,4767
6582,2596
6583,1218
6584,1121
6585,531
6586,4828
6587,317
6588,2223
6589,1132
6590,2548
6591,3911
6592,4024
6593,420
6594,4146
6595,3140
6596,2530
6597,249
6598,722
6599,4470
6600,551
6601,1770
6602,37
6603,1710
6604,1724
6605,1456
6606,2990
6607,1673
6608,1504
6609,4622
6610,3938
6611,4855
6612,955
6613,4961
6614,1662
6615,4057
6616,525
6617,2077
6618,3893
6619,751
6620,2073
6621,3538
6622,4740
6623,1137
6624,4908
6625,3704
6626,2453
6627,3127
6628,251
6629,3912
6630,3620
6631,2535
6632,4301
6633,4537
6634,3082
6635,4347
6636,3380
6637,734
6638,1823
6639,1008
6640,81
6641,1559
6642,3253
6643,1481
6644,100
6645,4992
6646,523
6647,3900
6648,1492
6649,3460
6650,4265
6651,1025
6652,2911
6653,153
6654,3322
6655,1333
6656,2382
6657,2842
6658,4089
6659,2323
6660,4568
6661,3598
6662,2101
6663,971
6664,2348
6665,4104
6666,4377
6667,2992
6668,1128
6669,4600
6670,4121
6671,1444
6672,4626
6673,2633
6674,979
6675,2255
6676,3906
6677,2485
6678,532
6679,811
6680,3965
6681,509
6682,2389
6683,3391
6684,4780
6685,4975
6686,4321
6687,3503
6688,3474
6689,2036
6690,3250
6691,4318
6692,4299
6693,3434
6694,4170
6695,1201
6696,2696
6697,3580
6698,1505
6699,3361
6700,4418
6701,2386
6702,48
6703,311
6704,3796
6705,4507
6706,989
6707,2572
6708,186
6709,4026
6710,3720
6711,1405
6712,3635
6713,4375
6714,4940
6715,2860
6716,4202
6717,1232
6718,1772
6719,2324
6720,4408
6721,1112
6722,3976
6723,4362
6724,141
6725,2067
6726,2202
6727,2900
6728,1966
6729,260
6730,957
6731,208
6732,3014
6733,1683
6734,2530
6735,4330
6736,2919
6737,3136
6738,2992
6739,1083
6740,4506
6741,4029
6742,4464
6743,2747
6744,942
6745,1142
6746,460
6747,2739
6748,1043
6749,2690
6750,362
6751,1809
6752,4641
6753,41
6754,4277
6755,2316
6756,1505
6757,2354
6758,1334
6759,583
6760,4498
6761,904
6762,4190
6763,3370
6764,2377
6765,1277
6766,1559
6767,4444
6768,1416
6769,3810
6770,4737
6771,1776
6772,4454
6773,950
6774,4738
6775,4399
6776,293
6777,1660
6778,4097
6779,4382
6780,3246
6781,552
6782,4442
6783,1102
6784,1724
6785,4249
6786,1257
6787,4000
6788,3842
6789,2771
6790,2058
6791,3631
6792,1743
6793,3586
6794,1779
6795,507
6796,1877
6797,3481
6798,2405
6799,4496
6800,208
6801,913
6802,98
6803,805
6804,67
6805,1876
6806,457
6807,1479
6808,2733
6809,1355
6810,1332
6811,583
6812,4543
6813,4431
6814,449
6815,4425
6816,1533
6817,3928
6818,1764
6819,3249
6820,3514
6821,3064
6822,3206
6823,3238
6824,500
6825,212
6826,3090
6827,1221
6828,1516
6829,113
6830,3805
6831,651
6832,896
6833,1877
6834,116
6835,2833
6836,2599
6837,2613
6838,567
6839,3557
6840,3869
6841,1320
6842,1680
6843,1862
6844,1977
6845,951
6846,3664
6847,784
6848,3766
6849,755
6850,2855
6851,1449
6852,2196
6853,3259
6854,1135
6855,208
6856,2395
6857,2725
6858,1896
6859,4506
6860,3923
6861,4535
6862,4715
6863,4880
6864,165
6865,3305
6866,3653
6867,1054
6868,4508
6869,3890
6870,1569
6871,1452
6872,648
6873,1599
6874,535
6875,503
6876,3682
6877,921
6878,1817
6879,179
6880,3397
6881,2310
6882,671
6883,4511
6884,4690
6885,933
6886,4955
6887,527
6888,4268
6889,3901
6890,2576
6891,4055
6892,2661
6893,3001
6894,1217
6895,4869
6896,2676
6897,3706
6898,3322
6899,136
6900,4509
6901,15
6902,3513
6903,1048
6904,4462
6905,1103
6906,307
6907,714
6908,258
6909,2336
6910,4485
6911,122
6912,665
6913,3886
6914,2519
6915,4824
6916,3030
6917,3960
6918,2090
6919,1977
6920,2800
6921,4358
6922,2274
6923,4270
6924,3618
6925,4209
6926,3227
6927,2806
6928,3901
6929,2739
6930,4640
6931,234
6932,945
6933,4967
6934,411
6935,4275
6936,2913
6937,3968
6938,3857
6939,2728
6940,3178
6941,2285
6942,2337
6943,1960
6944,2446
6945,3024
6946,226
6947,3369
6948,4365
6949,697
6950,2818
6951,3515
6952,2768
6953,4671
6954,3692
6955,4972
6956,4539
6957,4329
6958,3327
6959,1115
6960,631
6961,3235
6962,4191
6963,1174
6964,142
6965,2607
6966,360
6967,362
6968,4012
6969,4938
6970,1962
6971,2185
6972,2050
6973,3699
6974,4165
6975,2916
6976,1381
6977,393
6978,314
6979,2803
6980,1920
6981,2187
6982,535
6983,3979
6984,4530
6985,4868
6986,397
6987,3367
6988,1208
6989,1123
6990,1340
6991,337
6992,1746
6993,4398
6994,673
6995,2154
6996,2585
6997,3596
6998,1626
6999,4627
7000,3507
7001,1244
7002,687
7003,4484
7004,3458
7005,4524
7006,1124
7007,1808
7008,2980
7009,3329
7010,738
7011,4991
7012,4211
7013,3894
7014,3016
7015,4730
7016,2187
7017,312
7018,4439
7019,139
7020,1953
7021,2557
7022,4689
7023,14
7024,3674
7025,3205
7026,2676
7027,4300
7028,1967
7029,4690
7030,665
7031,1404
7032,2611
7033,4530
7034,2130
7035,4826
7036,292
7037,2181
7038,2338
7039,278
7040,4655
7041,1525
7042,776
7043,3125
7044,4004
7045,1492
7046,4081
7047,3503
7048,2173
7049,597
7050,4963
7051,496
7052,1939
7053,1577
7054,918
7055,819
7056,580
7057,2522
7058,2500
7059,1771
7060,1173
7061,251
7062,3963
7063,3145
7064,1470
7065,2418
7066,578
7067,3924
7068,4356
7069,895
7070,306
7071,3896
7072,1528
7073,2607
7074,2021
7075,3518
7076,29
7077,4001
7078,1017
7079,2941
7080,1370
7081,3389
7082,980
7083,288
7084,1862
7085,804
7086,1660
7087,4164
7088,2414
7089,1461
7090,2952
7091,4147
7092,3009
7093,4312
7094,4316
7095,2536
7096,637
7097,2827
7098,1457
7099,880
7100,288
7101,3701
7102,499
7103,651
7104,4747
7105,4035
7106,394
7107,3644
7108,747
7109,4675
7110,3933
7111,4083
7112,2097
7113,4735
7114,1410
7115,3915
7116,2860
7117,2327
7118,3346
7119,3496
7120,2722
7121,3622
7122,2038
7123,1355
7124,275
7125,1284
7126,2455
7127,3623
7128,2301
7129,26
7130,3370
7131,1985
7132,2985
7133,4901
7134,734
7135,3145
7136,4240
7137,2576
7138,1116
7139,3831
7140,2413
7141,3141
7142,4063
7143,4899
7144,3428
7145,2543
7146,2747
7147,790
7148,4877
7149,4106
7150,24
7151,303
7152,4382
7153,4903
7154,275
7155,4640
7156,1592
7157,2812
7158,3241
7159,1491
7160,4404
7161,4054
7162,4306
7163,2341
7164,932
7165,3734
7166,4621
7167,3216
7168,1364
7169,3653
7170,3193
7171,1829
7172,1504
7173,1370
7174,298
7175,1962
7176,844
7177,2201
7178,4460
7179,3209
7180,2718
7181,326
7182,3628
7183,2486
7184,2471
7185,1400
7186,1376
7187,1534
7188,558
7189,1929
7190,1928
7191,538
7192,3267
7193,772
7194,1951
7195,1489
7196,72
7197,4751
7198,131
7199,4248
7200,1970
7201,3110
7202,3976
7203,2961
7204,4471
7205,4532
7206,3840
7207,4055
7208,2191
7209,2689
7210,328
7211,1414
7212,1824
7213,350
7214,1227
7215,642
7216,3578
7217,2981
7218,987
7219,262
7220,1827
7221,2714
7222,1093
7223,321
7224,3716
7225,770
7226,4591
7227,729
7228,2892
7229,3956
7230,2724
7231,1335
7232,590
7233,795
7234,271
7235,2506
7236,3479
7237,234
7238,1192
7239,517
7240,2945
7241,4563
7242,1679
7243,1913
7244,426
7245,1657
7246,193
7247,780
7248,4302
7249,502
7250,2581
7251,4129
7252,1055
7253,1789
7254,2856
7255,1024
7256,634
7257,110
7258,2509
7259,2372
7260,2106
7261,158
7262,3334
7263,1805
7264,4056
7265,109
7266,527
7267,1759
7268,6
7269,1716
7270,885
7271,4395
7272,4672
7273,2870
7274,715
7275,143
7276,1331
7277,3794
7278,4341
7279,4566
7280,1599
7281,1184
7282,4494
7283,4780
7284,1642
7285,4962
7286,740
7287,94
7288,4585
7289,37
7290,4242
7291,3960
7292,4770
7293,3154
7294,2767
7295,326
7296,3951
7297,4884
7298,4909
7299,4017
7300,4318
7301,2920
7302,4235
7303,3166
7304,766
7305,2072
7306,977
7307,1873
7308,2585
7309,3865
7310,599
7311,4927
7312,3043
7313,3790
7314,1459
7315,3338
7316,1395
7317,707
7318,2258
7319,673
7320,4570
7321,1485
7322,223
7323,4859
7324,2324
7325,4232
7326,107
7327,4816
7328,911
7329,930
7330,4772
7331,465
7332,4500
7333,889
7334,908
7335,1650
7336,3661
7337,4116
7338,4729
7339,1716
7340,424
7341,2920
7342,416
7343,1613
7344,2999
7345,61
7346,1932
7347,3986
7348,4389
7349,3984
7350,3683
7351,885
7352,2231
7353,2483
7354,811
7355,2095
7356,10
7357,1720
7358,2909
7359,2545
7360,2254
7361,756
7362,4556
7363,3665
7364,2800
7365,2278
7366,1732
7367,1427
7368,490
7369,3766
7370,280
7371,3551
7372,3086
7373,2601
7374,1370
7375,1241
7376,448
7377,2259
7378,428
7379,727
7380,3199
7381,1596
7382,3223
7383,512
7384,424
7385,2827
7386,574
7387,2383
7388,632
7389,1341
7390,2650
7391,709
7392,4502
7393,2096
7394,4509
7395,4143
7396,1411
7397,2738
7398,3066
7399,2129
7400,3334
7401,3965
7402,603
7403,872
7404,2042
7405,3656
7406,601
7407,1733
7408,3873
7409,3733
7410,3321
7411,391
7412,4501
7413,452
7414,1066
7415,3740
7416,418
7417,1949
7418,3134
7419,4853
7420,2561
7421,1613
7422,4556
7423,1362
7424,4106
7425,3201
7426,1135
7427,1596
7428,1531
7429,214
7430,1510
7431,2098
7432,1545
7433,3583
7434,1455
7435,429
7436,4553
7437,718
7438,562
7439,3835
7440,4707
7441,3323
7442,227
7443,2220
7444,390
7445,1086
7446,4164
7447,4233
7448,4908
7449,1031
7450,333
7451,931
7452,3017
7453,3994
7454,3722
7455,614
7456,737
7457,1750
7458,79
7459,1333
7460,657
7461,2736
7462,4980
7463,837
7464,2279
7465,3629
7466,2200
7467,3794
7468,4053
7469,3657
7470,3358
7471,86
7472,3970
7473,82
7474,4776
7475,3972
7476,4032
7477,4526
7478,2247
7479,1939
7480,3093
7481,444
7482,3358
7483,2229
7484,1456
7485,409
7486,1712
7487,2495
7488,4823
7489,2847
7490,176
7491,624
7492,2641
7493,3151
7494,4832
7495,4130
7496,4026
7497,748
7498,15
7499,2396
7500,4530
7501,4812
7502,704
7503,3273
7504,3745
7505,644
7506,1411
7507,2885
7508,4877
7509,3320
7510,719
7511,3170
7512,3805
7513,803
7514,4604
7515,2075
7516,2307
7517,655
7518,1303
7519,4255
7520,617
7521,932
7522,2224
7523,843
7524,2457
7525,3303
7526,1535
7527,2123
7528,4401
7529,757
7530,3921
7531,4101
7532,2592
7533,4982
7534,2860
7535,569
7536,4599
7537,1434
7538,924
7539,2511
7540,209
7541,4711
7542,354
7543,2366
7544,539
7545,3658
7546,3756
7547,841
7548,4474
7549,1263
7550,3700
7551,2064
7552,3042
7553,3689
7554,4594
7555,58
7556,1502
7557,861
7558,311
7559,4493
7560,3481
7561,893
7562,4514
7563,274
7564,265
7565,4090
7566,3991
7567,3586
7568,4117
7569,4809
7570,3211
7571,1720
7572,2138
7573,4124
7574,3891
7575,2374
7576,4489
7577,2343
7578,4058
7579,4417
7580,51
7581,4057
7582,859
7583,2426
7584,2120
7585,2319
7586,1446
7587,1393
7588,4122
7589,1150
7590,4792
7591,1267
7592,1406
7593,2825
7594,2007
7595,2981
7596,4677
7597,2802
7598,4797
7599,3202
7600,2329
7601,2652
7602,2436
7603,3080
7604,1540
7605,4359
7606,461
7607,2665
7608,1105
7609,4709
7610,1035
7611,1709
7612,866
7613,912
7614,4054
7615,1353
7616,4687
7617,2420
7618,578
7619,2775
7620,2945
7621,667
7622,4357
7623,3188
7624,3230
7625,2920
7626,3244
7627,1658
7628,1780
7629,1925
7630,2701
7631,4225
7632,1409
7633,1927
7634,312
7635,3924
7636,817
7637,1540
7638,389
7639,2159
7640,2129
7641,3556
7642,3136
7643,351
7644,4570
7645,4642
7646,3859
7647,2976
7648,91
7649,3335
7650,3346
7651,4696
7652,49
7653,1595
7654,4401
7655,424
7656,2081
7657,433
7658,2627
7659,1565
7660,901
7661,2749
7662,1394
7663,1339
7664,1922
7665,1373
7666,4321
7667,4565
7668,4703
7669,1330
7670,4009
7671,3279
7672,31
7673,1046
7674,2031
7675,819
7676,2006
7677,2843
7678,2719
7679,2856
7680,4204
7681,315
7682,3279
7683,4227
7684,4638
7685,1610
7686,1525
7687,2181
7688,4729
7689,4514
7690,2292
7691,1923
7692,4271
7693,2214
7694,2841
7695,3777
7696,2441
7697,2192
7698,3071
7699,2159
7700,4315
7701,4807
7702,2503
7703,2246
7704,944
7705,3549
7706,2805
7707,4230
7708,3630
7709,1184
7710,4706
7711,2812
7712,2067
7713,4864
7714,1405
7715,267
7716,1668
7717,639
7718,2303
7719,3475
7720,2614
7721,933
7722,1116
7723,647
7724,25
7725,4405
7726,3792
7727,4320
7728,3046
7729,2245
7730,689
7731,595
7732,2606
7733,1350
7734,2576
7735,1947
7736,3713
7737,595
7738,2472
7739,4283
7740,4913
7741,210
7742,941
7743,1223
7744,3845
7745,396
7746,2862
7747,4584
7748,2220
7749,4758
7750,4134
7751,61
7752,4425
7753,1972
7754,2834
7755,3585
7756,553
7757,1764
7758,3922
7759,597
7760,59
7761,2165
7762,2660
7763,3885
7764,574
7765,2965
7766,3306
7767,380
7768,1127
7769,4289
7770,692
7771,2776
7772,3043
7773,3483
7774,2621
7775,1190
7776,451
7777,1040
7778,2190
7779,4748
7780,1031
7781,4036
7782,2988
7783,621
7784,4020
7785,4253
7786,3991
7787,3028
7788,3292
7789,2773
7790,2170
7791,1866
7792,1797
7793,2608
7794,3370
7795,2671
7796,1580
7797,2173
7798,1704
7799,1713
7800,4358
7801,2728
7802,2790
7803,3403
7804,33
7805,397
7806,558
7807,16
7808,3948
7809,78
7810,4693
7811,3409
7812,1701
7813,4665
7814,1344
7815,781
7816,1993
7817,2783
7818,4884
7819,3369
7820,2474
7821,2343
7822,1
7823,331
7824,4376
7825,2345
7826,1931
7827,3603
7828,313
7829,3527
7830,991
7831,1100
7832,2664
7833,2877
7834,2028
7835,2544
7836,4670
7837,3185
7838,1373
7839,172
7840,4968
7841,2374
7842,4006
7843,1466
7844,3246
7845,3063
7846,4234
7847,177
7848,2967
7849,4055
7850,2530
7851,2070
7852,392
7853,4083
7854,4687
7855,4166
7856,1912
7857,4549
7858,3350
7859,3330
7860,4972
7861,3634
7862,4019
7863,1936
7864,4169
7865,2122
7866,2996
7867,3144
7868,1206
7869,4896
7870,2451
7871,3085
7872,379
7873,4549
7874,2690
7875,1632
7876,3554
7877,509
7878,2383
7879,2795
7880,2444
7881,3014
7882,2908
7883,485
7884,1652
7885,988
7886,1864
7887,2573
7888,4388
7889,2071
7890,3319
7891,1632
7892,4621
7893,3371
7894,3961
7895,1087
7896,4588
7897,255
7898,1695
7899,4193
7900,3728
7901,2794
7902,1096
7903,2374
7904,4601
7905,3174
7906,2787
7907,2921
7908,4439
7909,747
7910,3964
7911,2969
7912,3274
7913,1432
7914,2313
7915,2337
7916,3021
7917,3400
7918,4371
7919,4289
7920,1263
7921,249
7922,26
7923,472
7924,3442
7925,1404
7926,2777
7927,4348
7928,941
7929,593
7930,2698
7931,436
7932,3189
7933,2011
7934,1019
7935,1975
7936,4634
7937,4963
7938,838
7939,3058
7940,2993
7941,4303
7942,3154
7943,1537
7944,2508
7945,2199
7946,4987
7947,2705
7948,3754
7949,2345
7950,469
7951,1941
7952,728
7953,2559
7954,3349
7955,3546
7956,4076
7957,4235
7958,4057
7959,3930
7960,4530
7961,153
7962,1262
7963,1076
7964,116
7965,3443
7966,1985
7967,1043
7968,3913
7969,3805
7970,2074
7971,3397
7972,1867
7973,4901
7974,2214
7975,705
7976,4433
7977,1085
7978,1314
7979,3479
7980,648
7981,307
7982,972
7983,1787
7984,147
7985,3936
7986,1391
7987,2328
7988,809
7989,1963
7990,131
7991,2534
7992,937
7993,3339
7994,1530
7995,2135
7996,332
7997,364
7998,4878
7999,117
8000,2679
8001,38
8002,619
8003,1637
8004,449
8005,4816
8006,1378
8007,4124
8008,4297
8009,4176
8010,4311
8011,4893
8012,3045
8013,1946
8014,1000
8015,2828
8016,4165
8017,1480
8018,886
8019,4086
8020,2537
8021,1392
8022,3245
8023,221
8024,1877
8025,1909
8026,2498
8027,3096
8028,2622
8029,2848
8030,3019
8031,1988
8032,2286
8033,3570
8034,744
8035,690
8036,2724
8037,4773
8038,76
8039,4935
8040,3538
8041,4733
8042,485
8043,479
8044,785
8045,577
8046,1087
8047,1366
8048,2096
8049,1857
8050,1676
8051,3857
8052,4137
8053,1280
8054,439
8055,2332
8056,3933
8057,4183
8058,2570
8059,81
8060,4286
8061,713
8062,326
8063,4993
8064,2456
8065,867
8066,1660
8067,4466
8068,2439
8069,1262
8070,176
8071,680
8072,1376
8073,1524
8074,3647
8075,4428
8076,211
8077,4229
8078,2475
8079,2050
8080,1727
8081,3506
8082,1870
8083,3679
8084,2903
8085,4454
8086,4437
8087,807
8088,4691
8089,2214
8090,46
8091,1130
8092,1586
8093,3284
8094,3224
8095,3479
8096,2220
8097,1413
8098,24
8099,659
8100,936
8101,2698
8102,70
8103,19
8104,2764
8105,4441
8106,4847
8107,3781
8108,1670
8109,2338
8110,2930
8111,330
8112,3904
8113,1661
8114,3705
8115,4178
8116,4037
8117,1802
8118,2571
8119,522
8120,2798
8121,73
8122,2894
8123,3711
8124,3857
8125,4969
8126,3456
8127,4783
8128,865
8129,2246
8130,3711
8131,2536
8132,2997
8133,3452
8134,1353
8135,1555
8136,611
8137,182
8138,652
8139,502
8140,4071
8141,2261
8142,3090
8143,526
8144,3440
8145,4729
8146,3020
8147,12
8148,279
8149,3441
8150,3883
8151,3632
8152,3462
8153,154
8154,3980
8155,3729
8156,1696
8157,731
8158,3021
8159,2068
8160,2702
8161,1030
8162,1457
8163,3143
8164,255
8165,3116
8166,3848
8167,3044
8168,2866
8169,4139
8170,4117
8171,797
8172,328
8173,1673
8174,3674
8175,536
8176,3490
8177,1996
8178,2532
8179,1187
8180,1626
8181,25
8182,4129
8183,2085
8184,3200
8185,708
8186,643
8187,1718
8188,3146
8189,2711
8190,3117
8191,1087
8192,2055
8193,285
8194,4430
8195,4879
8196,1148
8197,2428
8198,1680
8199,4157
8200,4279
8201,3060
8202,4111
8203,3312
8204,4057
8205,4459
8206,4730
8207,42
8208,355
8209,3328
8210,1118
8211,3428
8212,4922
8213,1226
8214,1257
8215,3373
8216,1825
8217,803
8218,2562
8219,4161
8220,1046
8221,2999
8222,246
8223,4387
8224,2784
8225,3709
8226,1623
8227,1726
8228,4296
8229,4333
8230,210
8231,4927
8232,506
8233,4235
8234,4295
8235,4761
8236,4492
8237,3670
8238,3813
8239,3650
8240,1115
8241,400
8242,705
8243,1648
8244,543
8245,103
8246,2899
8247,4625
8248,2251
8249,2681
8250,3405
8251,3285
8252,2358
8253,1570
8254,2045
8255,4188
8256,2928
8257,463
8258,1876
8259,1228
8260,2683
8261,716
8262,3079
8263,1066
8264,1794
8265,4360
8266,2406
8267,4791
8268,4151
8269,2525
8270,286
8271,127
8272,559
8273,4312
8274,1474
8275,1396
8276,4060
8277,3762
8278,1192
8279,1542
8280,1259
8281,915
8282,3560
8283,3323
8284,2150
8285,1107
8286,1644
8287,3576
8288,2905
8289,189
8290,4413
8291,1193
8292,2754
8293,1965
8294,3396
8295,593
8296,4516
8297,3908
8298,750
8299,1542
8300,3351
8301,3780
8302,1828
8303,74
8304,1223
8305,1233
8306,1774
8307,3492
8308,3375
8309,4493
8310,3760
8311,171
8312,4757
8313,3989
8314,1342
8315,4299
8316,2823
8317,4362
8318,1409
8319,2108
8320,4494
8321,724
8322,3456
8323,3902
8324,4248
8325,2412
8326,3658
8327,4075
8328,4899
8329,3649
8330,3789
8331,1984
8332,2805
8333,2163
8334,4192
8335,3197
8336,272
8337,4070
8338,470
8339,2815
8340,2139
8341,353
8342,1118
8343,694
8344,1591
8345,4430
8346,4508
8347,4333
8348,1740
8349,3707
8350,1664
8351,4691
8352,3332
8353,607
8354,403
8355,1541
8356,3812
8357,507
8358,3863
8359,3433
8360,3447
8361,3409
8362,3278
8363,2333
8364,1193
8365,2582
8366,1801
8367,4209
8368,3802
8369,2915
8370,4084
8371,242
8372,3856
8373,4218
8374,4146
8375,371
8376,1538
8377,683
8378,1404
8379,897
8380,3320
8381,3924
8382,1966
8383,3511
8384,770
8385,2054
8386,434
8387,3012
8388,1226
8389,4567
8390,3861
8391,3396
8392,1726
8393,4742
8394,4631
8395,1050
8396,2852
8397,1090
8398,3757
8399,2257
8400,736
8401,3939
8402,976
8403,588
8404,3614
8405,2841
8406,1333
8407,3126
8408,3074
8409,3523
8410,1467
8411,1851
8412,2853
8413,3898
8414,3636
8415,1832
8416,4826
8417,2129
8418,3350
8419,3189
8420,3263
8421,4783
8422,1286
8423,4300
8424,152
8425,1115
8426,4432
8427,3595
8428,1362
8429,1331
8430,2788
8431,3489
8432,1120
8433,482
8434,2423
8435,2670
8436,932
8437,4973
8438,736
8439,3426
8440,3130
8441,4948
8442,3783
8443,922
8444,2654
8445,14
8446,4145
8447,1568
8448,1450
8449,3171
8450,3851
8451,4654
8452,1459
8453,1010
8454,2382
8455,2078
8456,2218
8457,95
8458,2516
8459,4669
8460,2166
8461,3794
8462,1288
8463,89
8464,1006
8465,3626
8466,3856
8467,2860
8468,0
8469,4865
8470,1867
8471,3792
8472,2833
8473,2779
8474,4852
8475,678
8476,3864
8477,3404
8478,855
8479,1592
8480,3153
8481,339
8482,4896
8483,2095
8484,3361
8485,3380
8486,215
8487,4799
8488,1867
8489,1411
8490,3301
8491,1594
8492,3101
8493,1677
8494,4035
8495,3991
8496,598
8497,288
8498,856
8499,3369
8500,3665
8501,3283
8502,368
8503,3156
8504,3984
8505,3111
8506,354
8507,3358
8508,4415
8509,316
8510,3986
8511,1840
8512,4922
8513,3566
8514,4760
8515,3909
8516,2846
8517,4993
8518,2640
8519,3704
8520,2883
8521,4741
8522,532
8523,1658
8524,1165
8525,61
8526,4089
8527,372
8528,2081
8529,1914
8530,508
8531,3208
8532,461
8533,1983
8534,2648
8535,2931
8536,516
8537,2574
8538,1205
8539,2220
8540,2973
8541,3525
8542,2455
8543,882
8544,3085
8545,1210
8546,1837
8547,2514
8548,3980
8549,239
8550,2401
8551,3139
8552,4583
8553,3433
8554,1796
8555,3252
8556,4676
8557,2580
8558,3054
8559,1039
8560,2351
8561,1330
8562,4590
8563,3759
8564,3626
8565,376
8566,1437
8567,2593
8568,2981
8569,4086
8570,4203
8571,4480
8572,4368
8573,1724
8574,3468
8575,2889
8576,1575
8577,3801
8578,2769
8579,2711
8580,533
8581,4072
8582,3707
8583,824
8584,2673
8585,4572
8586,4617
8587,3392
8588,1763
8589,4195
8590,198
8591,4554
8592,1925
8593,1053
8594,747
8595,3007
8596,856
8597,4541
8598,3671
8599,182
8600,2652
8601,917
8602,3582
8603,780
8604,2621
8605,2537
8606,2870
8607,2631
8608,3310
8609,146
8610,2240
8611,28
8612,3398
8613,4220
8614,1252
8615,1193
8616,4739
8617,2352
8618,3524
8619,311
8620,4132
8621,2724
8622,2070
8623,2224
8624,1309
8625,191
8626,4447
8627,811
8628,4655
8629,2564
8630,4515
8631,4006
8632,1392
8633,4092
8634,3421
8635,1872
8636,4829
8637,3358
8638,1345
8639,777
8640,2979
8641,3609
8642,4617
8643,3813
8644,3186
8645,1256
8646,1842
8647,392
8648,66
8649,3243
8650,3952
8651,1351
8652,2857
8653,2703
8654,2555
8655,3698
8656,2497
8657,1098
8658,1610
8659,941
8660,736
8661,1305
8662,2433
8663,3821
8664,4226
8665,1306
8666,1317
8667,1599
8668,3426
8669,2962
8670,3105
8671,432
8672,2880
8673,962
8674,4861
8675,1283
8676,558
8677,953
8678,828
8679,1560
8680,4217
8681,1799
8682,2957
8683,1220
8684,1563
8685,143
8686,1659
8687,2619
8688,1728
8689,3299
8690,471
8691,4876
8692,1310
8693,718
8694,4639
8695,44
8696,3862
8697,647
8698,3430
8699,1980
8700,2170
8701,850
8702,265
8703,4534
8704,1171
8705,2104
8706,4871
8707,3652
8708,4368
8709,3271
8710,4647
8711,2485
8712,1722
8713,2372
8714,4211
8715,3899
8716,1596
8717,251
8718,2144
8719,4585
8720,40
8721,1024
8722,4868
8723,925
8724,2629
8725,4905
8726,350
8727,654
8728,4332
8729,3462
8730,960
8731,1127
8732,194
8733,2577
8734,4883
8735,720
8736,2853
8737,156
8738,2824
8739,4836
8740,2602
8741,4938
8742,4807
8743,4733
8744,4563
8745,477
8746,2433
8747,4132
8748,118
8749,4689
8750,1944
8751,693
8752,4090
8753,2560
8754,1900
8755,300
8756,1429
8757,1879
8758,4810
8759,4506
8760,3528
8761,101
8762,4555
8763,547
8764,2286
8765,2023
8766,931
8767,3277
8768,933
8769,62
8770,2625
8771,4368
8772,4849
8773,322
8774,1561
8775,3117
8776,1018
8777,248
8778,4179
8779,3822
8780,1011
8781,3857
8782,552
8783,2778
8784,2284
8785,4326
8786,311
8787,4512
8788,4138
8789,3730
8790,4014
8791,1126
8792,4141
8793,1188
8794,3999
8795,474
8796,4692
8797,85
8798,3348
8799,1169
8800,2282
8801,1527
8802,4270
8803,2746
8804,4467
8805,4572
8806,1269
8807,74
8808,4603
8809,2474
8810,315
8811,3702
8812,1828
8813,4497
8814,1876
8815,3516
8816,1503
8817,3012
8818,3656
8819,1543
8820,3960
8821,515
8822,3081
8823,3556
8824,2639
8825,947
8826,919
8827,421
8828,2283
8829,3059
8830,4089
8831,2943
8832,2246
8833,3487
8834,468
8835,1931
8836,474
8837,2117
8838,2302
8839,118
8840,523
8841,4665
8842,3494
8843,2843
8844,2383
8845,3991
8846,2012
8847,3477
8848,1927
8849,2276
8850,2483
8851,831
8852,3666
8853,1752
8854,271
8855,1929
8856,1795
8857,2309
8858,2112
8859,4214
8860,1812
8861,4301
8862,1610
8863,2963
8864,1853
8865,29
8866,3237
8867,1355
8868,2388
8869,2628
8870,1821
8871,1937
8872,3769
8873,687
8874,943
8875,855
8876,1232
8877,3561
8878,141
8879,4790
8880,4229
8881,1337
8882,4100
8883,1817
8884,2508
8885,538
8886,2753
8887,531
8888,4315
8889,2813
8890,641
8891,1143
8892,1576
8893,253
8894,2621
8895,2752
8896,4589
8897,4794
8898,2135
8899,265
8900,277
8901,2953
8902,57
8903,4610
8904,572
8905,1765
8906,3703
8907,109
8908,2301
8909,3577
8910,4767
8911,274
8912,2249
8913,1467
8914,3297
8915,1000
8916,382
8917,33
8918,2958
8919,2047
8920,1098
8921,1298
8922,2729
8923,2353
8924,4568
8925,740
8926,1626
8927,390
8928,620
8929,4657
8930,1407
8931,4704
8932,2606
8933,694
8934,3052
8935,4027
8936,2015
8937,2383
8938,4324
8939,1622
8940,796
8941,1786
8942,1634
8943,3020
8944,3922
8945,2720
8946,363
8947,19
8948,4513
8949,4651
8950,4795
8951,3659
8952,1093
8953,373
8954,411
8955,1388
8956,4231
8957,4226
8958,4818
8959,3510
8960,590
8961,1282
8962,587
8963,4531
8964,3135
8965,3402
8966,2592
8967,1787
8968,290
8969,1558
8970,1977
8971,3345
8972,4363
8973,3479
8974,2322
8975,2351
8976,2689
8977,3616
8978,314
8979,721
8980,1319
8981,1613
8982,2149
8983,2622
8984,2236
8985,3656
8986,3140
8987,1617
8988,3011
8989,3340
8990,3938
8991,1717
8992,1009
8993,3605
8994,3429
8995,3834
8996,1684
8997,1638
8998,3761
8999,2610
9000,280
9001,556
9002,3354
9003,2002
9004,841
9005,3895
9006,202
9007,3301
9008,4999
9009,1453
9010,1906
9011,4351
9012,537
9013,1457
9014,3811
9015,2649
9016,3983
9017,3104
9018,4632
9019,236
9020,3428
9021,2231
9022,1375
9023,4250
9024,378
9025,447
9026,3294
9027,1789
9028,4316
9029,49
9030,1583
9031,235
9032,2938
9033,3757
9034,3199
9035,2317
9036,931
9037,4905
9038,4288
9039,4037
9040,3220
9041,246
9042,569
9043,2579
9044,1472
9045,3462
9046,1900
9047,853
9048,1604
9049,2811
9050,2066
9051,286
9052,2936
9053,4436
9054,804
9055,1799
9056,2706
9057,760
9058,4484
9059,2891
9060,320
9061,1197
9062,2350
9063,3182
9064,1644
9065,1386
9066,1760
9067,4144
9068,2030
9069,4542
9070,775
9071,566
9072,1229
9073,1122
9074,2884
9075,3916
9076,1872
9077,4412
9078,3075
9079,4517
9080,1368
9081,1899
9082,3977
9083,4053
9084,4702
9085,1329
9086,3796
9087,1737
9088,957
9089,4794
9090,1300
9091,473
9092,2822
9093,3885
9094,2901
9095,3736
9096,3148
9097,1947
9098,3221
9099,3159
9100,4057
9101,2781
9102,2548
9103,2517
9104,1922
9105,449
9106,2032
9107,2073
9108,217
9109,430
9110,364
9111,774
9112,1564
9113,4267
9114,1366
9115,3705
9116,4767
9117,3778
9118,1321
9119,1498
9120,1173
9121,1443
9122,1797
9123,2047
9124,227
9125,1079
9126,1646
9127,2883
9128,919
9129,948
9130,3781
9131,4125
9132,1924
9133,1140
9134,3521
9135,3852
9136,2040
9137,1731
9138,4978
9139,2737
9140,3223
9141,2620
9142,4988
9143,123
9144,3442
9145,1859
9146,1013
9147,2666
9148,1094
9149,4319
9150,1005
9151,4887
9152,3882
9153,2813
9154,511
9155,295
9156,2557
9157,4583
9158,2543
9159,3179
9160,455
9161,2139
9162,4304
9163,1807
9164,2305
9165,2906
9166,1691
9167,860
9168,551
9169,2270
9170,1611
9171,4944
9172,206
9173,751
9174,3452
9175,4096
9176,4680
9177,4170
9178,1495
9179,4264
9180,4534
9181,2593
9182,746
9183,4583
9184,85
9185,709
9186,1808
9187,4956
9188,1719
9189,1614
9190,4944
9191,2815
9192,952
9193,314
9194,2255
9195,2565
9196,4217
9197,3268
9198,1160
9199,3798
9200,2589
9201,393
9202,474
9203,1539
9204,1837
9205,4437
9206,1359
9207,1150
9208,2699
9209,239
9210,1597
9211,1277
9212,324
9213,342
9214,4463
9215,3298
9216,3167
9217,3454
9218,349
9219,999
9220,4459
9221,320
9222,1680
9223,615
9224,1964
9225,4542
9226,94
9227,84
9228,2459
9229,2335
9230,3425
9231,1372
9232,3072
9233,4251
9234,2309
9235,2890
9236,2967
9237,1665
9238,662
9239,206
9240,4536
9241,3901
9242,3327
9243,3199
9244,3670
9245,2670
9246,2980
9247,1090
9248,4802
9249,1684
9250,2955
9251,3635
9252,20
9253,24
9254,4877
9255,1975
9256,1044
9257,3872
9258,4367
9259,2247
9260,2001
9261,467
9262,3326
9263,2949
9264,2172
9265,3124
9266,4753
9267,3440
9268,4777
9269,2886
9270,4763
9271,3523
9272,633
9273,2351
9274,413
9275,2349
9276,4231
9277,1524
9278,3283
9279,325
9280,179
9281,4778
9282,929
9283,2615
9284,671
9285,4664
9286,745
9287,722
9288,4858
9289,2939
9290,459
9291,4586
9292,4991
9293,1725
9294,364
9295,3026
9296,47
9297,4908
9298,457
9299,224
9300,4529
9301,4554
9302,3875
9303,4461
9304,1402
9305,1433
9306,1106
9307,4876
9308,2666
9309,551
9310,3665
9311,3755
9312,4942
9313,1250
9314,4161
9315,4285
9316,2292
9317,1436
9318,1588
9319,787
9320,1000
9321,785
9322,4795
9323,4239
9324,1583
9325,64
9326,3921
9327,1484
9328,1967
9329,263
9330,4936
9331,4120
9332,2525
9333,4240
9334,4758
9335,2625
9336,3849
9337,692
9338,4948
9339,1802
9340,4894
9341,3046
9342,4269
9343,223
9344,1820
9345,2217
9346,16
9347,1406
9348,4544
9349,1667
9350,4337
9351,3771
9352,3932
9353,4275
9354,3025
9355,2671
9356,2238
9357,1039
9358,2333
9359,4150
9360,2922
9361,3525
9362,3915
9363,4641
9364,4540
9365,2020
9366,4814
9367,3394
9368,2220
9369,1803
9370,178
9371,4576
9372,471
9373,4513
9374,1104
9375,4637
9376,1995
9377,4422
9378,3558
9379,4025
9380,3753
9381,1032
9382,2414
9383,1823
9384,1612
9385,721
9386,3134
9387,2890
9388,1460
9389,3914
9390,4093
9391,4992
9392,274
9393,881
9394,480
9395,3937
9396,777
9397,2177
9398,3989
9399,798
9400,2065
9401,499
9402,1097
9403,1554
9404,300
9405,1180
9406,2746
9407,2483
9408,2543
9409,616
9410,3754
9411,273
9412,2332
9413,3574
9414,1618
9415,1004
9416,2259
9417,2008
9418,4600
9419,2046
9420,699
9421,6
9422,4817
9423,4015
9424,3979
9425,1908
9426,3151
9427,870
9428,3417
9429,4329
9430,1622
9431,2649
9432,4635
9433,357
9434,3232
9435,2924
9436,1603
9437,3066
9438,4498
9439,1547
9440,2274
9441,2144
9442,3083
9443,1247
9444,2256
9445,4818
9446,587
9447,593
9448,2276
9449,4478
9450,3005
9451,4406
9452,4675
9453,4502
9454,1304
9455,2337
9456,2309
9457,1507
9458,1268
9459,1641
9460,1052
9461,2283
9462,1379
9463,3516
9464,890
9465,1807
9466,589
9467,496
9468,4044
9469,237
9470,2563
9471,752
9472,1712
9473,3464
9474,3102
9475,2066
9476,2519
9477,2609
9478,2653
9479,4702
9480,3677
9481,4036
9482,1698
9483,2261
9484,1841
9485,3240
9486,3231
9487,4429
9488,3945
9489,2427
9490,1064
9491,2851
9492,4541
9493,2105
9494,1155
9495,2303
9496,380
9497,3503
9498,485
9499,4223
9500,2408
9501,35
9502,1370
9503,2945
9504,3872
9505,2434
9506,4646
9507,1514
9508,3890
9509,2844
9510,1521
9511,1458
9512,2964
9513,4067
9514,239
9515,4842
9516,3351
9517,4442
9518,3478
9519,4383
9520,2574
9521,392
9522,260
9523,884
9524,3096
9525,3192
9526,1341
9527,1645
9528,2698
9529,644
9530,2670
9531,398
9532,4416
9533,1146
9534,4056
9535,2654
9536,3127
9537,4984
9538,2881
9539,2942
9540,2316
9541,4689
9542,2223
9543,1980
9544,4414
9545,3844
9546,1346
9547,1694
9548,4004
9549,1857
9550,52
9551,1816
9552,40
9553,3277
9554,2644
9555,2990
9556,1994
9557,4226
9558,538
9559,1299
9560,2912
9561,4986
9562,4247
9563,2866
9564,4186
9565,4498
9566,354
9567,1750
9568,2509
9569,944
9570,950
9571,1017
9572,4798
9573,4330
9574,1395
9575,3781
9576,3048
9577,1961
9578,1564
9579,3069
9580,974
9581,1707
9582,473
9583,706
9584,2307
9585,4658
9586,12
9587,207
9588,1544
9589,3397
9590,4854
9591,3271
9592,968
9593,1383
9594,4167
9595,2620
9596,4454
9597,3177
9598,686
9599,2726
9600,781
9601,4525
9602,1260
9603,4680
9604,4856
9605,1243
9606,1765
9607,4664
9608,2318
9609,1028
9610,3710
9611,3797
9612,456
9613,1868
9614,2678
9615,1042
9616,2456
9617,1452
9618,3268
9619,146
9620,1626
9621,2962
9622,3490
9623,326
9624,1087
9625,3181
9626,2281
9627,3533
9628,1907
9629,2239
9630,3020
9631,1639
9632,1141
9633,1400
9634,93
9635,4140
9636,2442
9637,398
9638,1037
9639,3657
9640,3612
9641,91
9642,4365
9643,4815
9644,3846
9645,2423
9646,1704
9647,2790
9648,1198
9649,4606
9650,1690
9651,1398
9652,4019
9653,4920
9654,4341
9655,2456
9656,4921
9657,513
9658,3866
9659,2928
9660,4432
9661,2660
9662,77
9663,4835
9664,1733
9665,1347
9666,2873
9667,4597
9668,121
9669,4438
9670,886
9671,1136
9672,1758
9673,4739
9674,4104
9675,696
9676,4478
9677,943
9678,3859
9679,1987
9680,2747
9681,3072
9682,3643
9683,443
9684,2411
9685,4747
9686,2464
9687,1025
9688,3577
9689,1878
9690,4208
9691,2663
9692,4651
9693,512
9694,4415
9695,1950
9696,2424
9697,4039
9698,4628
9699,3245
9700,4653
9701,4400
9702,3478
9703,1211
9704,566
9705,4692
9706,731
9707,3663
9708,2694
9709,1683
9710,3373
9711,4006
9712,4034
9713,95
9714,2786
9715,3655
9716,2587
9717,1601
9718,3744
9719,2855
9720,3630
9721,4851
9722,4192
9723,4477
9724,3856
9725,3284
9726,2246
9727,2583
9728,407
9729,1616
9730,4446
9731,2114
9732,4278
9733,1103
9734,2901
9735,2334
9736,2855
9737,1223
9738,306
9739,3334
9740,2181
9741,4774
9742,3656
9743,2669
9744,4074
9745,2816
9746,3012
9747,4150
9748,334
9749,109
9750,73
9751,4181
9752,2035
9753,3762
9754,1364
9755,3393
9756,3494
9757,4874
9758,2108
9759,2100
9760,3941
9761,32
9762,1724
9763,1695
9764,4673
9765,4782
9766,1625
9767,1379
9768,1258
9769,981
9770,1600
9771,3108
9772,3480
9773,2605
9774,4667
9775,4882
9776,4451
9777,4708
9778,4128
9779,1754
9780,965
9781,4196
9782,1744
9783,1689
9784,2499
9785,1449
9786,1642
9787,3321
9788,69
9789,615
9790,1214
9791,1280
9792,3958
9793,1140
9794,2576
9795,2975
9796,4797
9797,2444
9798,3795
9799,4835
9800,4254
9801,2883
9802,2487
9803,382
9804,4212
9805,4931
9806,4117
9807,416
9808,4250
9809,3845
9810,2294
9811,520
9812,1170
9813,2629
9814,408
9815,3829
9816,1045
9817,489
9818,1025
9819,2748
9820,151
9821,3756
9822,1508
9823,852
9824,2191
9825,2475
9826,2519
9827,403
9828,2387
9829,4016
9830,1956
9831,3933
9832,2618
9833,252
9834,4791
9835,3200
9836,460
9837,3505
9838,1208
9839,1424
9840,4081
9841,4041
9842,4541
9843,4157
9844,67
9845,1553
9846,4366
9847,908
9848,1385
9849,4719
9850,4942
9851,1246
9852,4269
9853,4482
9854,2466
9855,4196
9856,3826
9857,102
9858,4033
9859,228
9860,1375
9861,322
9862,1448
9863,2157
9864,4023
9865,4283
9866,2246
9867,3029
9868,3998
9869,3870
9870,331
9871,586
9872,2983
9873,401
9874,2984
9875,1710
9876,1369
9877,3840
9878,3267
9879,625
9880,4048
9881,210
9882,2786
9883,4784
9884,4381
9885,2495
9886,3143
9887,2848
9888,1247
9889,1099
9890,2251
9891,4914
9892,2377
9893,2416
9894,1305
9895,649
9896,663
9897,4008
9898,395
9899,844
9900,158
9901,4281
9902,784
9903,4914
9904,2977
9905,3654
9906,805
9907,1220
9908,2732
9909,2273
9910,1611
9911,2165
9912,850
9913,2298
9914,4078
9915,1860
9916,2026
9917,329
9918,4056
9919,4507
9920,4422
9921,2476
9922,2258
9923,703
9924,3810
9925,302
9926,2069
9927,4459
9928,837
9929,3350
9930,4762
9931,4794
9932,1599
9933,928
9934,4525
9935,2906
9936,745
9937,2245
9938,1368
9939,1276
9940,4768
9941,2354
9942,3229
9943,1822
9944,4886
9945,2082
9946,2194
9947,4272
9948,1584
9949,4594
9950,3806
9951,922
9952,3179
9953,354
9954,4608
9955,449
9956,3896
9957,3025
9958,4115
9959,1173
9960,2870
9961,536
9962,2172
9963,2471
9964,2601
9965,4420
9966,2891
9967,725
9968,2046
9969,2394
9970,2159
9971,4545
9972,386
9973,2061
9974,2095
9975,2036
9976,640
9977,3497
9978,2233
9979,3955
9980,4128
9981,3077
9982,306
9983,4122
9984,929
9985,3872
9986,1882
9987,2351
9988,4782
9989,1097
9990,4262
9991,219
9992,1888
9993,1402
9994,428
9995,4208
9996,4547
9997,110
9998,1350
9999,3803
